sha256,source_url,issuing_body,doc_type,filename,size_bytes,downloaded_at,verdict,pages,n_fonts,fonts_no_unicode,legacy_fonts,unknown_fonts,chars,dev_chars,invalid_matras,invalid_rate_per_1k,detached_matras,producer,creator
8a181e63ece3c0784a79b01d7bd77c6173bad99b815dc0a406d970c2619e6d8f,https://www.mhada.gov.in/sites/default/files/FINAL_APPROPVED_PRODUCT_LIST_of_civil_dtd-10-08-2026.pdf,Maharashtra Housing and Area Development Authority,notice/tender,FINAL_APPROPVED_PRODUCT_LIST_of_civil_dtd-10-08-2026.pdf,18780921,2026-08-10T16:06:11+00:00,CLEAN,75,90,57,,,54590,0,0,0.0,0,iLovePDF,
d59cba58c9833dfd53c5f580df74103a99e0fd85dfbd2eeb0ac10448fa72a0b4,https://mhada.gov.in/sites/default/files/Aprvd-List-of-Brand-of-Electrical-Material-dtd_07_07_2026.pdf,Maharashtra Housing and Area Development Authority,notice/tender,Aprvd-List-of-Brand-of-Electrical-Material-dtd_07_07_2026.pdf,5629415,2026-08-10T16:06:13+00:00,CLEAN,31,41,30,,,97996,0,0,0.0,0,3-Heights™ PDF Toolbox API 6.12.0.6 (http://www.pdf-tools.co,
2e3ad25700d5ab470983bcbe3ab4c34c31cc34a4e8a9ef807263654345b9ff33,https://www.mhada.gov.in/sites/default/files/150_days_program_ppt_31122025.pdf,Maharashtra Housing and Area Development Authority,notice/tender,150_days_program_ppt_31122025.pdf,228534,2026-08-10T16:06:13+00:00,LEGACY,12,8,4,"DVOT-Surekh;DVOT-Surekh,Bold",,4596,3182,4,1.26,0,Microsoft® Office PowerPoint® 2007,Microsoft® Office PowerPoint® 2007
facc7a6ee992bfc3fd0044a8d0f93abe53bd9769122247600451775d6db86d3d,https://www.mhada.gov.in/sites/default/files/Requirement_for_Product_Approval_detail-dtd_22-10-2024.pdf,Maharashtra Housing and Area Development Authority,notice/tender,Requirement_for_Product_Approval_detail-dtd_22-10-2024.pdf,445690,2026-08-10T16:06:15+00:00,SCAN,5,0,0,,,0,0,0,0.0,0,iLovePDF,
d4f6a5f10f76ec1c80e33d943cb75dba925f7933bbb8c39bf05d6e37cbf0599a,https://mhada.gov.in/sites/default/files/Pity_cases_dtd-03-09-2025.pdf,Maharashtra Housing and Area Development Authority,notice/tender,Pity_cases_dtd-03-09-2025.pdf,44691560,2026-08-10T16:06:21+00:00,LEGACY,122,7,5,"DVBW-TTSurekh,Bold;DVOT-SurekhMR;DVOT-SurekhMR,Bold",,4891,2779,39,14.03,8,iLovePDF,
befd69365dae174be4aa855bb1e0492c8455cbab87cee1a85191ca5b47f05420,https://www.mhada.gov.in/sites/default/files/SRA_Absorbed_Employees_list-dtd-28-08-2024.pdf,Maharashtra Housing and Area Development Authority,notice/tender,SRA_Absorbed_Employees_list-dtd-28-08-2024.pdf,173157,2026-08-10T16:06:21+00:00,SCAN,4,0,0,,,0,0,0,0.0,0,KONICA MINOLTA bizhub 227,KM_227
3bad71a6ff2b46d13db09b83785c26669155fd87c663ab6f5158242c10ac4eb4,https://www.mhada.gov.in/sites/default/files/Administration_Circular_regarding_Implementation_of_Lok_Shahi_Din_in_MHADA-dtd-13-12-2023.pdf,Maharashtra Housing and Area Development Authority,notice/tender,Administration_Circular_regarding_Implementation_of_Lok_Shahi_Din_in_MHADA-dtd-13-12-2023.pdf,410242,2026-08-10T16:06:23+00:00,SCAN,10,0,0,,,0,0,0,0.0,0,Epson Scan 2,
fc0c401c237759d0462cd2ad0ee4c136c855b802e0e67bdd5ae40e9634c35c2b,https://www.mhada.gov.in/sites/default/files/PMAY-Konkan-Board-Projects-dtd-13-9-2021.pdf,Maharashtra Housing and Area Development Authority,notice/tender,PMAY-Konkan-Board-Projects-dtd-13-9-2021.pdf,188526,2026-08-10T16:06:25+00:00,SCAN,3,0,0,,,0,0,0,0.0,0,KONICA MINOLTA bizhub 227,KM_227
16567c16af6eeda7378f805c99756488d62906343ca4baf0df5b04f160bbefed,https://www.mhada.gov.in/sites/default/files/JNNURM-Information-English-26_07_2019-Corrected.pdf,Maharashtra Housing and Area Development Authority,notice/tender,JNNURM-Information-English-26_07_2019-Corrected.pdf,417839,2026-08-10T16:06:27+00:00,CLEAN,4,8,6,,,5092,0,0,0.0,0,Microsoft® Word 2013,Microsoft® Word 2013
a6514483bbeaf5b3726c01fd36287a5eecbace8823c42593b294d9e34979d781,https://www.mhada.gov.in/sites/default/files/Guidelines_for_Self_Redevelopment-dtd-26-6-2023.pdf,Maharashtra Housing and Area Development Authority,notice/tender,Guidelines_for_Self_Redevelopment-dtd-26-6-2023.pdf,42443567,2026-08-10T16:06:33+00:00,SCAN,17,0,0,,,0,0,0,0.0,0,3-Heights™ PDF Merge Split Shell 6.12.1.11 (http://www.pdf-t,
49a1019243bd08882cf38f9f0397c8aa00fd6398715b70de1df11801823867fd,https://www.mhada.gov.in/sites/default/files/Steno-Typist_List_of_candidate_for_Practical_Exam-dtd-23-11-2022.pdf,Maharashtra Housing and Area Development Authority,notice/tender,Steno-Typist_List_of_candidate_for_Practical_Exam-dtd-23-11-2022.pdf,279349,2026-08-10T16:06:33+00:00,CLEAN,2,2,2,,,4244,0,0,0.0,0,Microsoft® Office Excel® 2007,Microsoft® Office Excel® 2007
eb48783ff66e051d1e4e74152cd17915d966cc81c70fc915849b22ee40b9527a,https://www.mhada.gov.in/sites/default/files/FlashNewsFiles/Objection_Report_Summary_MHADA_Recruitment_2021-dtd-12-4-2022.pdf,Maharashtra Housing and Area Development Authority,notice/tender,Objection_Report_Summary_MHADA_Recruitment_2021-dtd-12-4-2022.pdf,21737,2026-08-10T16:06:35+00:00,CLEAN,3,2,2,,,4164,0,0,0.0,0,Microsoft® Office Excel® 2007,Microsoft® Office Excel® 2007
54c63cf263141731e60bf5cda22d9be75f007d0657af7b5ee6a4c23032e6280b,https://www.mhada.gov.in/sites/default/files/Advertisement-for-MHADA-Recruitment-2021-dtd-17_9_2021_0.pdf,Maharashtra Housing and Area Development Authority,notice/tender,Advertisement-for-MHADA-Recruitment-2021-dtd-17_9_2021_0.pdf,557217,2026-08-10T16:06:37+00:00,LEGACY,18,10,7,"DVBW-TTSurekh;DVBW-TTSurekh,Bold",,64887,0,0,0.0,0,Microsoft® Office Word 2007,Microsoft® Office Word 2007
690098b129c6f43bf92d929e7dd1eb4a7ac433c3e017dc956c597c98fd491e5b,https://www.mhada.gov.in/sites/default/files/Mhada_Recruitment_2021_Exam-Pattern-and-Syllabus-dtd-20-9-2021.pdf,Maharashtra Housing and Area Development Authority,notice/tender,Mhada_Recruitment_2021_Exam-Pattern-and-Syllabus-dtd-20-9-2021.pdf,340620,2026-08-10T16:06:39+00:00,LEGACY,10,9,6,DVBW-TTSurekh,,13106,0,0,0.0,0,Microsoft® Office Word 2007,Microsoft® Office Word 2007
7d25329abe7e4efea2ae78f96b897c332b1f907894235339bbdbde4f7065a623,https://www.mhada.gov.in/sites/default/files/FlashNewsFiles/Facility_for_reduction_in_premium_as_per_G_R_dtd_14_01_2021_availed_by_Society_Developer_for_Bldg_no_135_Vishal_CHSL-dtd-07-08-2026.pdf,Maharashtra Housing and Area Development Authority,notice/tender,Facility_for_reduction_in_premium_as_per_G_R_dtd_14_01_2021_availed_by_Society_Developer_for_Bldg_no_135_Vishal_CHSL-dtd-07-08-2026.pdf,14850003,2026-08-10T16:06:43+00:00,SCAN,254,14,14,,,0,0,0,0.0,0,,
8ac74285583b1c29c6348cd2b7b139d7136fc780c1dadcb1918e165011c9355f,https://www.mhada.gov.in/sites/default/files/FlashNewsFiles/Facility_for_reduction_in_premium_as_per_G_R_dtd_14_01_2021_availed_by_Society_Developer_for_53_sahajeevan-dtd-04-08-2026.pdf,Maharashtra Housing and Area Development Authority,notice/tender,Facility_for_reduction_in_premium_as_per_G_R_dtd_14_01_2021_availed_by_Society_Developer_for_53_sahajeevan-dtd-04-08-2026.pdf,14178360,2026-08-10T16:06:45+00:00,CLEAN,53,4,0,,,5563,0,0,0.0,0,,
270ed51859482b5c70ae1c53a0f126c104bf91a3b5a2b42e677f0ce3a98f64d8,https://www.mhada.gov.in/sites/default/files/RAT_RESULT_OF_MBRR_2026_JUNI_CHIKHALWADI-dtd-27-07-2026.pdf,Maharashtra Housing and Area Development Authority,notice/tender,RAT_RESULT_OF_MBRR_2026_JUNI_CHIKHALWADI-dtd-27-07-2026.pdf,2424634,2026-08-10T16:06:46+00:00,SCAN,4,0,0,,,0,0,0,0.0,0,ACE Scanner,ACE Scanner
fc28cf8044fafde65125d66c36f1cb9c4facdcdfc893aaa92e4e0955dc09c724,https://www.mhada.gov.in/sites/default/files/FlashNewsFiles/Facility_for_reduction_in_premium_as_per_G_R_dtd_14_01_2021_availed_by_Society_Developer_for_Bldg_no_46_Subhash_Nagar_Sagar_CHSL-dtd-21-07-2026.pdf,Maharashtra Housing and Area Development Authority,notice/tender,Facility_for_reduction_in_premium_as_per_G_R_dtd_14_01_2021_availed_by_Society_Developer_for_Bldg_no_46_Subhash_Nagar_Sagar_CHSL-dtd-21-07-2026.pdf,17508793,2026-08-10T16:06:49+00:00,SCAN,41,0,0,,,0,0,0,0.0,0,Epson Scan 2,
133c99782c341dd487deca686d96f36aa6acc3e7997b2531924d3877f5251c3f,https://www.mhada.gov.in/sites/default/files/Advertisement_for_Sale_of_Tenement_of_Nashik_Board_Lottery_July_2026-dtd-21-07-2026.pdf,Maharashtra Housing and Area Development Authority,notice/tender,Advertisement_for_Sale_of_Tenement_of_Nashik_Board_Lottery_July_2026-dtd-21-07-2026.pdf,191117,2026-08-10T16:06:49+00:00,LEGACY,1,11,7,"DVBW-TTSurekh;DVBW-TTSurekh,Bold;DVBW-TTYogesh;DVBW-TTYogesh,Bold;Sakal Marathi",,5788,0,0,0.0,0,Microsoft® Word 2010,Microsoft® Word 2010
c193b1f658dac18f566c917c1e409c31337e82a1b8fa3db26b0002b2024e6241,https://www.mhada.gov.in/sites/default/files/Booklet_for_Sale_of_Tenement_of_Nashik_Board_Lottery_July_2026-dtd-21-07-2026.pdf,Maharashtra Housing and Area Development Authority,notice/tender,Booklet_for_Sale_of_Tenement_of_Nashik_Board_Lottery_July_2026-dtd-21-07-2026.pdf,1295720,2026-08-10T16:06:52+00:00,LEGACY,41,23,12,"DVBW-TTBhima;DVBW-TTBhima,Bold;DVBW-TTRadhika,Bold;DVBW-TTSurekh;DVBW-TTSurekh,Bold;DVBW-TTSurekhEN;DVBW-TTYogesh;Sakal Marathi",,85170,1521,7,4.6,2,Microsoft® Word 2010,Microsoft® Word 2010
13320d0c5225c354961b72dd758a94bfc84ca96a896dbbbddf52061bfae5b40b,https://www.mhada.gov.in/sites/default/files/FlashNewsFiles/Facility_for_reduction_in_premium_as_per_G_R_dtd_14_01_2021_availed_by_Society_Developer_for_Raj_Kiran_CHSL-dtd-20-7-2026.pdf,Maharashtra Housing and Area Development Authority,notice/tender,Facility_for_reduction_in_premium_as_per_G_R_dtd_14_01_2021_availed_by_Society_Developer_for_Raj_Kiran_CHSL-dtd-20-7-2026.pdf,1749984,2026-08-10T16:06:54+00:00,SCAN,22,0,0,,,0,0,0,0.0,0,Adobe PSL 1.1e for Canon,Canon iR-ADV 6075  PDF
bed33c987b60ab9b77f9918f5c84f1792fda49071c4c8d023a7dbf9344bd4fae,https://www.mhada.gov.in/sites/default/files/FlashNewsFiles/Facility_for_reduction_in_premium_as_per_G_R_dtd_14_01_2021_availed_by_Society_Developer_for_shivkiran_chsl-dtd-16-07-2026.pdf,Maharashtra Housing and Area Development Authority,notice/tender,Facility_for_reduction_in_premium_as_per_G_R_dtd_14_01_2021_availed_by_Society_Developer_for_shivkiran_chsl-dtd-16-07-2026.pdf,16761954,2026-08-10T16:06:57+00:00,SCAN,90,15,14,,,1160,0,0,0.0,0,,
b7c3ddf5e723e02d780f08babcbafca94b33b7c1c91912cf12220672ef6ed397,https://www.mhada.gov.in/sites/default/files/Pune_Housing_Board_Lottery_2026_Results_on_dated_25-06-2026.pdf,Maharashtra Housing and Area Development Authority,notice/tender,Pune_Housing_Board_Lottery_2026_Results_on_dated_25-06-2026.pdf,1219008,2026-08-10T16:06:57+00:00,CLEAN,39,1,1,,,51329,0,0,0.0,0,,JasperReports Library version 6.4.0
8272fcae9014767e842600af7b024d963f51c1e1a6b42451681ff6c8b97d5921,https://www.mhada.gov.in/sites/default/files/FlashNewsFiles/Booklet_for_Sale_of_Tenement_of_Mumbai_Board_Lottery-2026-dtd-30_03_2026.pdf,Maharashtra Housing and Area Development Authority,notice/tender,Booklet_for_Sale_of_Tenement_of_Mumbai_Board_Lottery-2026-dtd-30_03_2026.pdf,41798095,2026-08-10T16:07:05+00:00,SCAN,68,0,0,,,0,0,0,0.0,0,Corel PDF Engine Version 17.1.0.572,CorelDRAW X7
4ba5d9d3c543bc8dc5c8c7d05153b416249177c7ba8689138221794a0a232e48,https://www.mhada.gov.in/sites/default/files/FlashNewsFiles/Advertisement_for_Sale_of_Tenement_of_Mumbai_Board_Lottery-2026-dtd-30_03_2026-C.pdf,Maharashtra Housing and Area Development Authority,notice/tender,Advertisement_for_Sale_of_Tenement_of_Mumbai_Board_Lottery-2026-dtd-30_03_2026-C.pdf,8525761,2026-08-10T16:07:06+00:00,SCAN,4,0,0,,,0,0,0,0.0,0,Corel PDF Engine Version 17.0.0.491,CorelDRAW X7
c07e81c4212abf80de21199cf6b5829555f55bb0593e201a0efc2ad89ab16048,https://www.mhada.gov.in/sites/default/files/FlashNewsFiles/Draw_Result_CSNB_26_01-dtd-17-03-2026.pdf,Maharashtra Housing and Area Development Authority,notice/tender,Draw_Result_CSNB_26_01-dtd-17-03-2026.pdf,755711,2026-08-10T16:07:07+00:00,CLEAN,13,1,1,,,27868,0,0,0.0,0,iText® 5.5.10 ©2000-2015 iText Group NV (AGPL-version); modi,JasperReports Library version 6.4.0
752be4963f54f55b877662acb8b9db2f0e09beb42194603dc3e4373f6c4fad26,https://www.mhada.gov.in/sites/default/files/FlashNewsFiles/Pune_Board_Housing_Lottery_2025_Results_on_dated_10-02-2026.pdf,Maharashtra Housing and Area Development Authority,notice/tender,Pune_Board_Housing_Lottery_2025_Results_on_dated_10-02-2026.pdf,13637955,2026-08-10T16:07:10+00:00,SCAN,1698,1,1,,,35851,0,0,0.0,0,iText® 5.5.10 ©2000-2015 iText Group NV (AGPL-version); modi,JasperReports Library version 6.4.0
ad993f4e3e34fb20d29a3c8609b9c290e292af5def8dba813902374d633fb567,https://www.mhada.gov.in/sites/default/files/TN-EE-E1-MBRRB-dtd_10_08_2026-mr.pdf,Maharashtra Housing and Area Development Authority,notice/tender,TN-EE-E1-MBRRB-dtd_10_08_2026-mr.pdf,97240,2026-08-10T16:07:11+00:00,SCAN,2,0,0,,,0,0,0,0.0,0,3-Heights™ PDF Merge Split Shell 6.12.1.11 (http://www.pdf-t,
fe6e9dcfa1b297810038cf0b4cc9308d517e0690416b4c35cbaf40bdd69047f3,https://www.mhada.gov.in/sites/default/files/PN-EE-E1-MBRRB-dtd_10_08_2026.pdf,Maharashtra Housing and Area Development Authority,notice/tender,PN-EE-E1-MBRRB-dtd_10_08_2026.pdf,54043,2026-08-10T16:07:13+00:00,SCAN,1,0,0,,,0,0,0,0.0,0,Epson Scan 2,
954ece190ee51edae83e0105fce51cdea2aefd2db243317bcbba2d65cbb868a6,https://www.mhada.gov.in/sites/default/files/TN_No_86-EE-West-MSIB-06-08-2026.pdf,Maharashtra Housing and Area Development Authority,notice/tender,TN_No_86-EE-West-MSIB-06-08-2026.pdf,932945,2026-08-10T16:07:15+00:00,SCAN,4,0,0,,,0,0,0,0.0,0,iLovePDF,
25991c9f7fd7e48af19d21bedbd643d35c6534b17571da5d9aa0b178d6166340,https://www.mhada.gov.in/sites/default/files/TN_No_85-EE-West-MSIB-06-08-2026.pdf,Maharashtra Housing and Area Development Authority,notice/tender,TN_No_85-EE-West-MSIB-06-08-2026.pdf,740106,2026-08-10T16:07:17+00:00,SCAN,3,0,0,,,0,0,0,0.0,0,iLovePDF,
f1a1b22f7d32289b6f5274ff82679bfbada3f7f0cb962bd52956d9c89143dd12,https://www.mhada.gov.in/sites/default/files/TN_No_09_DDR-EE-East-MSIB-05-08-2026-mr.pdf,Maharashtra Housing and Area Development Authority,notice/tender,TN_No_09_DDR-EE-East-MSIB-05-08-2026-mr.pdf,1479704,2026-08-10T16:07:19+00:00,SCAN,3,0,0,,,0,0,0,0.0,0,iLovePDF,
7078361f65bb624f32222eec87f49de9ab7b118ff6684d19a45b401b8b65164d,https://www.mhada.gov.in/sites/default/files/TN_No_06-EE-PPD-MB-04_08_2026-mr.pdf,Maharashtra Housing and Area Development Authority,notice/tender,TN_No_06-EE-PPD-MB-04_08_2026-mr.pdf,1544384,2026-08-10T16:07:21+00:00,SCAN,1,0,0,,,0,0,0,0.0,0,3-Heights™ PDF Merge Split Shell 6.12.1.11 (http://www.pdf-t,
a0328c2304f737e43f59836d6f2380dbb099eb67c0b80e4bb02da26c4da31450,https://www.mhada.gov.in/sites/default/files/TN_No_05-EE-PPD-MB-04_08_2026-mr.pdf,Maharashtra Housing and Area Development Authority,notice/tender,TN_No_05-EE-PPD-MB-04_08_2026-mr.pdf,3051175,2026-08-10T16:07:24+00:00,SCAN,2,0,0,,,0,0,0,0.0,0,3-Heights™ PDF Merge Split Shell 6.12.1.11 (http://www.pdf-t,
30aa0516c66a31f5e6f23e612d556f5e738f45325f5917612b7d65fa45bc1b76,https://www.mhada.gov.in/sites/default/files/TN_no_06-EE-FN-MBRRB-04_08_2026-mr.pdf,Maharashtra Housing and Area Development Authority,notice/tender,TN_no_06-EE-FN-MBRRB-04_08_2026-mr.pdf,494616,2026-08-10T16:07:25+00:00,CLEAN,2,2,0,,,1027,0,0,0.0,0,3-Heights™ PDF Merge Split Shell 6.12.1.11 (http://www.pdf-t,
b21b154f7445e36b22b2b42609e23d5a9230952ea8326efe423075c65b06cf8e,https://www.mhada.gov.in/sites/default/files/TN_No_31-EE-East-MSIB-04-08-2026-mr.pdf,Maharashtra Housing and Area Development Authority,notice/tender,TN_No_31-EE-East-MSIB-04-08-2026-mr.pdf,1257460,2026-08-10T16:07:27+00:00,SCAN,2,0,0,,,0,0,0,0.0,0,iLovePDF,
db49672a38e137828ea08004a401a243f38918abf7e357c7b239a6230915cef7,https://www.mhada.gov.in/sites/default/files/TN_No_30-EE-East-MSIB-04-08-2026-mr.pdf,Maharashtra Housing and Area Development Authority,notice/tender,TN_No_30-EE-East-MSIB-04-08-2026-mr.pdf,2149103,2026-08-10T16:07:29+00:00,SCAN,3,0,0,,,0,0,0,0.0,0,iLovePDF,
b790a475e96bb99cfe03c8eacfc68951cb5b7416b85eebf9103ef612ee290eca,https://www.mhada.gov.in/sites/default/files/mhada_act_chap_6.pdf,Maharashtra Housing and Area Development Authority,notice/tender,mhada_act_chap_6.pdf,877237,2026-08-10T17:00:46+00:00,SCAN,5,1,0,,,10,0,0,0.0,0,Online2PDF.com,Online2PDF.com
221732f4ebb3df5c95f1104cb97a39c487dba5161d28a746bb538f47de1696d5,https://www.mhada.gov.in/sites/default/files/Citizens_Charter_DY_CO_East_MB_dtd-29-04-2026_0.pdf,Maharashtra Housing and Area Development Authority,notice/tender,Citizens_Charter_DY_CO_East_MB_dtd-29-04-2026_0.pdf,67626,2026-08-10T17:00:51+00:00,SCAN,2,0,0,,,0,0,0,0.0,0,Epson Scan 2,
4349b637efe044f32ee0e73428251b913afe10750add365e96f886ec199302f7,https://www.mhada.gov.in/sites/default/files/may-RTI_MAY_2014.pdf,Maharashtra Housing and Area Development Authority,notice/tender,may-RTI_MAY_2014.pdf,619566,2026-08-10T17:00:57+00:00,SCAN,1,0,0,,,0,0,0,0.0,0, ,Canon 
1f6fe1097f84bee93377782c3053b29dd7980931d21f6ab04958938c784c5c4b,https://www.mhada.gov.in/sites/default/files/Circular-Administration-dtd-24-06-2026.pdf,Maharashtra Housing and Area Development Authority,notice/tender,Circular-Administration-dtd-24-06-2026.pdf,1407844,2026-08-10T17:01:00+00:00,SCAN,7,0,0,,,0,0,0,0.0,0,Epson Scan 2,
2bd2a28d9fe580dc5558c9c408532ae4b99f35a8d58edaa4f49fb882c9c071a8,https://www.mhada.gov.in/sites/default/files/Recruitment_Rules_Sr_Clerk_and_Asst_Revised_on_25_may_2021_final-dtd-05-05-2025_0.pdf,Maharashtra Housing and Area Development Authority,notice/tender,Recruitment_Rules_Sr_Clerk_and_Asst_Revised_on_25_may_2021_final-dtd-05-05-2025_0.pdf,713922,2026-08-10T17:01:02+00:00,SCAN,3,0,0,,,0,0,0,0.0,0,doPDF Ver 10.9 Build 129,
faa871993d6e1ccefbcbb55c0730c04a75e0e7fb16e5efc957d2a2693a5c6c52,https://www.mhada.gov.in/sites/default/files/List_of_pending_cases_for_demolition_in_areas_of_Designated_officers-dtd-10-8-2022_0.pdf,Maharashtra Housing and Area Development Authority,notice/tender,List_of_pending_cases_for_demolition_in_areas_of_Designated_officers-dtd-10-8-2022_0.pdf,127100,2026-08-10T17:01:07+00:00,SCAN,3,0,0,,,0,0,0,0.0,0,KONICA MINOLTA bizhub 227,KM_227
2484d6ddad159d30ffcc3813eb911489d2419d2459ea2ee98441bbda5da61c79,https://www.mhada.gov.in/sites/default/files/jan-Pending_Report_of_RTI_Jan_2013_0.pdf,Maharashtra Housing and Area Development Authority,notice/tender,jan-Pending_Report_of_RTI_Jan_2013_0.pdf,36296,2026-08-10T17:01:10+00:00,LEGACY,1,4,4,"APS-C-DV-Prakash;APS-C-DV-Priyanka;APS-C-DV-Priyanka,Bold",,1150,0,0,0.0,0,Nitro PDF PrimoPDF,PrimoPDF http://www.primopdf.com
34307894eda94c06c3b5121f2565dbde722eed8fab6ffb3b99245ba40fbf3b17,https://www.mhada.gov.in/sites/default/files/1-RTI_jan2015.pdf,Maharashtra Housing and Area Development Authority,notice/tender,1-RTI_jan2015.pdf,2051110,2026-08-10T17:01:12+00:00,SCAN,1,0,0,,,0,0,0,0.0,0, ,Canon 
2b8171ef13c6415829df47e9e362d156918b479da97438055e35e7f837aca1e4,https://www.mhada.gov.in/sites/default/files/MHADA_RESOLUTIONS_OF_AUTHORITY_MEETING_NO_295-dtd-17-02-2023-updated-10423_0_0.pdf,Maharashtra Housing and Area Development Authority,notice/tender,MHADA_RESOLUTIONS_OF_AUTHORITY_MEETING_NO_295-dtd-17-02-2023-updated-10423_0_0.pdf,31582133,2026-08-10T17:01:24+00:00,SCAN,64,0,0,,,0,0,0,0.0,0,Epson Scan 2,
2d4cfacb1f4d7b60e53d8bfe9a46d3337c21d26b3092047f4a35cc1126eefff9,https://www.mhada.gov.in/sites/default/files/4-3478.pdf,Maharashtra Housing and Area Development Authority,notice/tender,4-3478.pdf,630069,2026-08-10T17:01:25+00:00,SCAN,3,0,0,,,0,0,0,0.0,0, ,Canon 
9830a703759eaa2b18e2c0f5fe0dc7b8481dd900cfda013397f2f7392c6d5655,https://www.mhada.gov.in/sites/default/files/Citizens_Charter-Estate_manager-Kurla-MB-dtd-12-9-2023_0_1.pdf,Maharashtra Housing and Area Development Authority,notice/tender,Citizens_Charter-Estate_manager-Kurla-MB-dtd-12-9-2023_0_1.pdf,1393431,2026-08-10T17:01:26+00:00,LEGACY,9,43,26,"APS-C-DV-Alankar;APS-C-DV-Alankar,Bold;APS-C-DV-Murali,Bold;APS-C-DV-Priyanka;APS-C-DV-Priyanka,Bold;APS-C-DV-Ramayan;APS-C-DV-Shweta;APS-C-DV-Shweta,Bold;APS-C-DV-Virat;DVB-TTSurekh;DVBW-TTSurekh;DVBW-TTSurekh,Bold;DVOT-SurekhMR;DVOT-SurekhMR,Bold",,9673,882,35,39.68,13,Microsoft® Office Word 2007,Microsoft® Office Word 2007
1569e59fba08b4b59bb8b9f52ddd88de48b18e557f02c4569ee0cfe81240adb6,https://www.mhada.gov.in/sites/default/files/mhada_act_chap_2.pdf,Maharashtra Housing and Area Development Authority,notice/tender,mhada_act_chap_2.pdf,1355438,2026-08-10T17:01:28+00:00,SCAN,9,1,0,,,18,0,0,0.0,0,Online2PDF.com,Online2PDF.com
b2d373d498c9187e59294915a86a232eee5ac18109f3022d3d3a52c1c23f88ed,https://www.mhada.gov.in/sites/default/files/sep-Pending_Report_of_RTI_Sept_2013_0.pdf,Maharashtra Housing and Area Development Authority,notice/tender,sep-Pending_Report_of_RTI_Sept_2013_0.pdf,36427,2026-08-10T17:01:38+00:00,LEGACY,1,4,4,"APS-C-DV-Prakash;APS-C-DV-Priyanka;APS-C-DV-Priyanka,Bold",,1150,0,0,0.0,0,Nitro PDF PrimoPDF,PrimoPDF http://www.primopdf.com
688cca9b6f0ceb9fc528157de60d481183b081a2c1331028db81e835cffb557d,https://www.mhada.gov.in/sites/default/files/23%20feb%202025%2020250401_12102925_0.pdf,Maharashtra Housing and Area Development Authority,notice/tender,23%20feb%202025%2020250401_12102925_0.pdf,43515,2026-08-10T17:01:47+00:00,SCAN,1,0,0,,,0,0,0,0.0,0,Epson Scan 2,
ce8a6d685bd30302ce25677b37bab2d29e1fa092e738d4a86aad68d597a25e38,https://www.mhada.gov.in/sites/default/files/MHADA_RESOLUTIONS_OF_AUTHORITY_MEETING_NO_300-dtd-13-11-2024_0.pdf,Maharashtra Housing and Area Development Authority,notice/tender,MHADA_RESOLUTIONS_OF_AUTHORITY_MEETING_NO_300-dtd-13-11-2024_0.pdf,918559,2026-08-10T17:01:49+00:00,SCAN,26,0,0,,,0,0,0,0.0,0,Epson Scan 2,
f95e12158724f13ca7ffa9e509bb95c0986c88529dda6f65649ddcde012ee3f6,https://www.mhada.gov.in/sites/default/files/Circular_Tech_plus_EM-Guidelines-for-the-procedure-of-transit-camp-allotment-dtd-14_10_2021_0_0_1.pdf,Maharashtra Housing and Area Development Authority,notice/tender,Circular_Tech_plus_EM-Guidelines-for-the-procedure-of-transit-camp-allotment-dtd-14_10_2021_0_0_1.pdf,158030,2026-08-10T17:01:51+00:00,SCAN,2,0,0,,,0,0,0,0.0,0,KONICA MINOLTA bizhub 227,KM_227
9e74e06fad5f2be687f209bc342e3bd90d9df23fc8e51eca7bcd3180fa8fee8a,https://www.mhada.gov.in/sites/default/files/PendingRTIcases_dec2010.pdf,Maharashtra Housing and Area Development Authority,notice/tender,PendingRTIcases_dec2010.pdf,31882,2026-08-10T17:02:00+00:00,LEGACY,1,3,3,"APS-C-DV-Priyanka;APS-C-DV-Priyanka,Bold",,1046,0,0,0.0,0,PrimoPDF,PrimoPDF http://www.primopdf.com/
69b0c80d2a95e58ea3ff706c7ee94707697c0da549f1b2089eb6e7b7a6fc95dd,https://www.mhada.gov.in/sites/default/files/Estate_management_circular_3-dtd-2-9-2021_0_0.pdf,Maharashtra Housing and Area Development Authority,notice/tender,Estate_management_circular_3-dtd-2-9-2021_0_0.pdf,75933,2026-08-10T17:02:02+00:00,SCAN,2,0,0,,,0,0,0,0.0,0,3-Heights™ PDF Merge Split Shell 6.12.1.11 (http://www.pdf-t,
60f5c816e889c4f45c13ef0ef29e2b3e1cd702fe778eec91a6c359b2948c1666,https://www.mhada.gov.in/sites/default/files/Citizen_Charter_MSIB_dtd-02-04-2026_0.pdf,Maharashtra Housing and Area Development Authority,notice/tender,Citizen_Charter_MSIB_dtd-02-04-2026_0.pdf,733914,2026-08-10T17:02:04+00:00,SUSPECT,3,4,0,,,4941,2195,133,60.59,34,Microsoft: Print To PDF,
964c1340f6bce09f66dc09b9f807fe81e0ea5de01a97f345c52688e3d132ddfe,https://www.mhada.gov.in/sites/default/files/Citizens_Charter_EE_Kurla_MB_dtd-15-05-2026_0.pdf,Maharashtra Housing and Area Development Authority,notice/tender,Citizens_Charter_EE_Kurla_MB_dtd-15-05-2026_0.pdf,437642,2026-08-10T17:02:25+00:00,SCAN,2,0,0,,,0,0,0,0.0,0,3-Heights™ PDF Merge Split Shell 6.12.1.11 (http://www.pdf-t,
6c3afebd92b8608e0d0f21f99903e13470046d63e5da88288d222d129b2b4f48,https://www.mhada.gov.in/sites/default/files/Konkan_eAuction_Revised-timetable-2025-dtd-20-11-2025_02.pdf,Maharashtra Housing and Area Development Authority,notice/tender,Konkan_eAuction_Revised-timetable-2025-dtd-20-11-2025_02.pdf,224283,2026-08-10T17:02:39+00:00,SCAN,1,0,0,,,0,0,0,0.0,0,Epson Scan 2,
204bd1e8ede2d384a157cb90cf86ec4ad628dd37f35fe497cf75388cd51b3bc5,https://www.mhada.gov.in/sites/default/files/TN_No_30-EE-East-MSIB-04-08-2026-en.pdf,Maharashtra Housing and Area Development Authority,notice/tender,TN_No_30-EE-East-MSIB-04-08-2026-en.pdf,2177080,2026-08-10T17:03:04+00:00,SCAN,3,0,0,,,0,0,0,0.0,0,iLovePDF,
1593864dccd0ff561e9c4f3fa1dab17bb8c88700995203835bad7efda12881ed,https://www.mhada.gov.in/sites/default/files/Citizens_Charter_Land_MB-dtd-28-03-2025.pdf,Maharashtra Housing and Area Development Authority,notice/tender,Citizens_Charter_Land_MB-dtd-28-03-2025.pdf,44572,2026-08-10T17:03:05+00:00,SCAN,2,0,0,,,0,0,0,0.0,0,KONICA MINOLTA bizhub 227,KM_227
bbdb7593fd2c48b4a8e410de7df2797e515f39c138cc90fd77bb2f2cfacdc276,https://www.mhada.gov.in/sites/default/files/Citizen_Charter-FC_Authority-dtd-15-04-2026_0.pdf,Maharashtra Housing and Area Development Authority,notice/tender,Citizen_Charter-FC_Authority-dtd-15-04-2026_0.pdf,479212,2026-08-10T17:03:07+00:00,SCAN,2,0,0,,,0,0,0,0.0,0,3-Heights™ PDF Merge Split Shell 6.12.1.11 (http://www.pdf-t,
5a3168456729167b1d0c3576c297a1c96a3cecbc433bd67896e7168191105b9a,https://www.mhada.gov.in/sites/default/files/MHADA_RESOLUTIONS_OF_AUTHORITY_MEETING_NO_299-dtd-07-03-2024_1.pdf,Maharashtra Housing and Area Development Authority,notice/tender,MHADA_RESOLUTIONS_OF_AUTHORITY_MEETING_NO_299-dtd-07-03-2024_1.pdf,4159096,2026-08-10T17:03:23+00:00,SCAN,118,0,0,,,0,0,0,0.0,0,Epson Scan 2,
48fce26caa8083233431202c2af95e6b80b6de25acc459fdb4672d5f3c039824,https://www.mhada.gov.in/sites/default/files/Citizen_Charter_CE_I_A-dtd-08-04-2026_0.pdf,Maharashtra Housing and Area Development Authority,notice/tender,Citizen_Charter_CE_I_A-dtd-08-04-2026_0.pdf,22988,2026-08-10T17:03:25+00:00,SCAN,1,0,0,,,0,0,0,0.0,0,iLovePDF,
f5877aeb45e03ac11cc0607699821bf5f99ebae4f3bc34190f36997ae2da5b09,https://www.mhada.gov.in/sites/default/files/Notification_for_Recruitment_2021_List_of_Documents-dtd-27-5-2022.pdf,Maharashtra Housing and Area Development Authority,notice/tender,Notification_for_Recruitment_2021_List_of_Documents-dtd-27-5-2022.pdf,216456,2026-08-10T17:03:29+00:00,LEGACY,1,8,6,"DVBW-TTSurekh;DVBW-TTSurekh,Bold",,1600,0,0,0.0,0,Microsoft® Office Word 2007,Microsoft® Office Word 2007
7da1b46ff1c8e43d1d3ff9543851cd6a2a3e39d7cd2f6c0d3f5fd253079a961c,https://www.mhada.gov.in/sites/default/files/Citizens_Charter_Secretary_MB-dtd-09-04-2025.pdf,Maharashtra Housing and Area Development Authority,notice/tender,Citizens_Charter_Secretary_MB-dtd-09-04-2025.pdf,81487,2026-08-10T17:03:31+00:00,SCAN,1,0,0,,,0,0,0,0.0,0,KONICA MINOLTA bizhub 227,KM_227
c87bcdb0ad240cd41b3a115280b03868b066246f348a2bf23064adaf73d8c883,https://www.mhada.gov.in/sites/default/files/Estate_management_circular-2-dtd-11-8-2021_0_0_0.pdf,Maharashtra Housing and Area Development Authority,notice/tender,Estate_management_circular-2-dtd-11-8-2021_0_0_0.pdf,95975,2026-08-10T17:03:33+00:00,SCAN,2,0,0,,,0,0,0,0.0,0,3-Heights™ PDF Merge Split Shell 6.12.1.11 (http://www.pdf-t,
e9efeae1e2dca8eacbb43d59b530dbfc8c56c789814b76d636a3be166678768e,https://www.mhada.gov.in/sites/default/files/mhada_act_chap_8.pdf,Maharashtra Housing and Area Development Authority,notice/tender,mhada_act_chap_8.pdf,3123314,2026-08-10T17:04:24+00:00,SCAN,16,1,0,,,42,0,0,0.0,0,Online2PDF.com,Online2PDF.com
6768de4f786a0106aa1cc77dd5add65afd7f3d5186941c6c00e1d0ffd9f98c5c,https://www.mhada.gov.in/sites/default/files/10-pending_rti_oct_nov_dec.pdf,Maharashtra Housing and Area Development Authority,notice/tender,10-pending_rti_oct_nov_dec.pdf,596488,2026-08-10T17:04:54+00:00,SCAN,3,0,0,,,0,0,0,0.0,0, ,Canon 
29f7e170cef7dc4e2ad4e36bc20fed63243b318c92db2d4c5bc166128175a2e7,https://www.mhada.gov.in/sites/default/files/List_of_cases_disposed_of_through_the_Regional_Designated_Officers_Office_from_01_04_2026-dtd-07-05-2026.pdf,Maharashtra Housing and Area Development Authority,notice/tender,List_of_cases_disposed_of_through_the_Regional_Designated_Officers_Office_from_01_04_2026-dtd-07-05-2026.pdf,283857,2026-08-10T17:04:56+00:00,SCAN,1,0,0,,,0,0,0,0.0,0,3-Heights™ PDF Merge Split Shell 6.12.1.11 (http://www.pdf-t,
2978ba42cf6cba2247ea0290741e9e8b2fc3f8bf50ae3b1a1aafdbcfbf1cc67e,https://www.mhada.gov.in/sites/default/files/sep-RTI-Report-Sep--2014.pdf,Maharashtra Housing and Area Development Authority,notice/tender,sep-RTI-Report-Sep--2014.pdf,48051,2026-08-10T17:04:58+00:00,LEGACY,1,6,1,APS-C-DV-Prakash-Normal;APS-C-DV-Priyanka-Bold;APS-C-DV-Priyanka-Normal,,1148,0,0,0.0,0,Adobe PDF Library 9.0,Acrobat PDFMaker 9.1 for Excel
82b88f1fe1f8e36e5409f419f3cd80b06877f7c9145ae981e30c2ea659190177,https://www.mhada.gov.in/sites/default/files/4-pradhikaran_rti.pdf,Maharashtra Housing and Area Development Authority,notice/tender,4-pradhikaran_rti.pdf,389410,2026-08-10T17:05:13+00:00,SCAN,3,0,0,,,0,0,0,0.0,0, ,Canon 
9a3b4e4b163b4fd9d990171bdd2c84b160aabeffdec64702db72701a4c376fc0,https://www.mhada.gov.in/sites/default/files/Circular_Regarding_Divisional_Examination_for_the_Post_of_Accountant-dtd-02-12-2024_0.pdf,Maharashtra Housing and Area Development Authority,notice/tender,Circular_Regarding_Divisional_Examination_for_the_Post_of_Accountant-dtd-02-12-2024_0.pdf,184273,2026-08-10T17:05:16+00:00,SCAN,4,0,0,,,0,0,0,0.0,0,KONICA MINOLTA bizhub 227,KM_227
21f5602d3f7d94079b992795e5d68fe98353f7f0f4cc23336eb100e708192fb8,https://www.mhada.gov.in/sites/default/files/Citizens_Charter_Amravati_Housing_n_Area_Development_Board-dtd-02-04-2026_0.pdf,Maharashtra Housing and Area Development Authority,notice/tender,Citizens_Charter_Amravati_Housing_n_Area_Development_Board-dtd-02-04-2026_0.pdf,9415246,2026-08-10T17:05:29+00:00,SCAN,12,0,0,,,0,0,0,0.0,0,iLovePDF,
ab18d72bf35c510aa8e9dc99e40a3f133c46a23e5a5ae0c2e1b7f4529925e959,https://www.mhada.gov.in/sites/default/files/6-The-MHAD-%28Penalty-for-default-in-payment-of-rent%2C-compensation-or-amount%29-Rules-1986.pdf,Maharashtra Housing and Area Development Authority,notice/tender,6-The-MHAD-%28Penalty-for-default-in-payment-of-rent%2C-compensation-or-amount%29-Rules-1986.pdf,42713,2026-08-10T17:05:41+00:00,CLEAN,1,2,2,,,1400,0,0,0.0,0,PrimoPDF,PrimoPDF http://www.primopdf.com/
dca285f608ed732ba1bee2c88cae3fa25cc1f39390a30a5cf9a831ce24de08b4,https://www.mhada.gov.in/sites/default/files/Citizens_Charter_Special_Project_Cell-MB-dtd-23-04-2026_0.pdf,Maharashtra Housing and Area Development Authority,notice/tender,Citizens_Charter_Special_Project_Cell-MB-dtd-23-04-2026_0.pdf,169672,2026-08-10T17:06:01+00:00,SCAN,6,0,0,,,0,0,0,0.0,0,iLovePDF,
18a4f6a3aeef538ae8520d31878964d184e003c89f046b0c99c4dbe3acb985aa,https://www.mhada.gov.in/sites/default/files/Guidelines_issued_by_Election_Commission_of_India_New_Delhi_regarding_Lok_Sabha_General_Election-2024-dtd-12-03-2024_1.pdf,Maharashtra Housing and Area Development Authority,notice/tender,Guidelines_issued_by_Election_Commission_of_India_New_Delhi_regarding_Lok_Sabha_General_Election-2024-dtd-12-03-2024_1.pdf,207077,2026-08-10T17:06:05+00:00,SCAN,6,0,0,,,0,0,0,0.0,0,KONICA MINOLTA bizhub 227,KM_227
bdd8e612394fc897fc67b356fd2f852d13431c517fa5d2f7821ac69e94631e07,https://www.mhada.gov.in/sites/default/files/june-RTI_JUN_2014.pdf,Maharashtra Housing and Area Development Authority,notice/tender,june-RTI_JUN_2014.pdf,625767,2026-08-10T17:06:26+00:00,SCAN,1,0,0,,,0,0,0,0.0,0, ,Canon 
1413cbd10b9ac7b536fc2008ca8d9addc3cdde1676cb1698a007a96ca8d9ff23,https://www.mhada.gov.in/sites/default/files/Citizens_Charter-MBRRB-Accounts_Officer-Zone-II-dtd-16-04-2025.pdf,Maharashtra Housing and Area Development Authority,notice/tender,Citizens_Charter-MBRRB-Accounts_Officer-Zone-II-dtd-16-04-2025.pdf,194206,2026-08-10T17:06:31+00:00,SCAN,4,0,0,,,0,0,0,0.0,0,KONICA MINOLTA bizhub 227,KM_227
f976fe6af08f51e5ce60e77e2806561285fa6358da3660c2b2c79062206f60c7,https://www.mhada.gov.in/sites/default/files/Circular_Regarding_Revision_in_Various_scrutiny_fees_recover_by_Building_Permission_Cell_MHADA-dtd-09-04-2025.pdf,Maharashtra Housing and Area Development Authority,notice/tender,Circular_Regarding_Revision_in_Various_scrutiny_fees_recover_by_Building_Permission_Cell_MHADA-dtd-09-04-2025.pdf,278030,2026-08-10T17:06:33+00:00,SCAN,6,0,0,,,0,0,0,0.0,0,KONICA MINOLTA bizhub 227,KM_227
0261a5bf09aaaf47677d623bbc9d04fe3e20687653ef490a19477d0c5c0b538c,https://www.mhada.gov.in/sites/default/files/Adesh-Appointment_of_Shri_Milind_Borikar_Hon_Chief_Officer_Mumbai_Board_as_the_Controlling_Officer_for_implementing_the_150-day_Sevakarmi_Program-dtd-27-6-25.pdf,Maharashtra Housing and Area Development Authority,notice/tender,Adesh-Appointment_of_Shri_Milind_Borikar_Hon_Chief_Officer_Mumbai_Board_as_the_Controlling_Officer_for_implementing_the_150-day_Sevakarmi_Program-dtd-27-6-25.pdf,808669,2026-08-10T17:06:37+00:00,CLEAN,2,1,1,,,306,0,0,0.0,0,Adobe Scan for Android 25.06.19-google-dynamic,Adobe Scan for Android 25.06.19-google-dynamic
11e51b434923258ddd30fff87f72e1bcb5528d22e550156ab79716302f0d8f3a,https://www.mhada.gov.in/sites/default/files/Citizen_charter_Architect_Department_pune_board-dtd-26-4-2022_0_0.pdf,Maharashtra Housing and Area Development Authority,notice/tender,Citizen_charter_Architect_Department_pune_board-dtd-26-4-2022_0_0.pdf,75729,2026-08-10T17:06:39+00:00,SCAN,1,0,0,,,0,0,0,0.0,0,KONICA MINOLTA bizhub 227,KM_227
1281dfaf9d37ff370fde17288b7bd794384d49728d8e5d05664e6e0a095176d5,https://www.mhada.gov.in/sites/default/files/MHADA_RESOLUTIONS_OF_AUTHORITY_MEETING_NO_293-dtd-17-02-2023_0_0.pdf,Maharashtra Housing and Area Development Authority,notice/tender,MHADA_RESOLUTIONS_OF_AUTHORITY_MEETING_NO_293-dtd-17-02-2023_0_0.pdf,4103545,2026-08-10T17:06:42+00:00,SCAN,139,0,0,,,0,0,0,0.0,0,Eastman Kodak Company    ,Document Imaging     
b4810dded4e91ff24f9275060a7a3ad8b178259b26a16e8deb6b48226913223a,https://www.mhada.gov.in/sites/default/files/mar-Pending_Report_of_RTI_March_2014.pdf,Maharashtra Housing and Area Development Authority,notice/tender,mar-Pending_Report_of_RTI_March_2014.pdf,31382,2026-08-10T17:06:49+00:00,SCAN,1,0,0,,,0,0,0,0.0,0,Xerox WorkCentre 5020/DN,Xerox WorkCentre 5020/DN
07c4f826229d2ad8a8174588eab7038c1e4678fa5a529e236768a5f2e5462d6c,https://www.mhada.gov.in/sites/default/files/Citizens_Charter-Secretary_Authority-dtd-1-8-2022_0_0.pdf,Maharashtra Housing and Area Development Authority,notice/tender,Citizens_Charter-Secretary_Authority-dtd-1-8-2022_0_0.pdf,124078,2026-08-10T17:06:51+00:00,SCAN,2,0,0,,,0,0,0,0.0,0,KONICA MINOLTA bizhub 227,KM_227
6b0d1b68d2388e5c2debaee3a4e1e51b47b2e61a86bde3925670667352746f81,https://www.mhada.gov.in/sites/default/files/eAuction_Chh_SambhajiNagar_Winner_and_Non_Winner_with_payment_Details-dtd-280825.pdf,Maharashtra Housing and Area Development Authority,notice/tender,eAuction_Chh_SambhajiNagar_Winner_and_Non_Winner_with_payment_Details-dtd-280825.pdf,442475,2026-08-10T17:06:55+00:00,CLEAN,2,2,2,,,3223,0,0,0.0,0,Microsoft® Excel® 2010,Microsoft® Excel® 2010
97ca543decf5ea7fc21c07b6f291c72a6ea1bf04771952325a878a01dac03952,https://www.mhada.gov.in/sites/default/files/Citizens_Charter_DY_CO_DRP_Mill_MB-dtd-28-04-2026_0.pdf,Maharashtra Housing and Area Development Authority,notice/tender,Citizens_Charter_DY_CO_DRP_Mill_MB-dtd-28-04-2026_0.pdf,1193740,2026-08-10T17:08:52+00:00,SCAN,1,0,0,,,0,0,0,0.0,0,3-Heights™ PDF Merge Split Shell 6.12.1.11 (http://www.pdf-t,
c4f1cc2909da6a0e730489673e390fbe23ce5a507d34c4c51841073f002b8b72,https://www.mhada.gov.in/sites/default/files/Deputy_Chief_Engineer_BP_CELL_A_Citizen_Charter-dtd-07-05-2025_1.pdf,Maharashtra Housing and Area Development Authority,notice/tender,Deputy_Chief_Engineer_BP_CELL_A_Citizen_Charter-dtd-07-05-2025_1.pdf,517517,2026-08-10T17:09:12+00:00,CLEAN,7,8,0,,,11965,0,0,0.0,0,Microsoft: Print To PDF,
5c07e2cbbc1ac705161275741a2fd7984f6a2aa654d0e877157b6b8692a0d2f7,https://www.mhada.gov.in/sites/default/files/Disposal-of-Land-Regulations-1982.pdf,Maharashtra Housing and Area Development Authority,notice/tender,Disposal-of-Land-Regulations-1982.pdf,486148,2026-08-10T17:09:33+00:00,CLEAN,15,9,7,,,41541,0,0,0.0,0,Microsoft® Word 2013,Microsoft® Word 2013
9df5f5cd57d4ed24f12f783cd4b12219e6266a701f6e67b6bc95d566bd800087,https://www.mhada.gov.in/sites/default/files/april-Pending_Report_of_RTI_April_2014.pdf,Maharashtra Housing and Area Development Authority,notice/tender,april-Pending_Report_of_RTI_April_2014.pdf,30979,2026-08-10T17:09:35+00:00,SCAN,1,0,0,,,0,0,0,0.0,0,Xerox WorkCentre 5020/DN,Xerox WorkCentre 5020/DN
71b2f733ff0d352c55bb3247ea8ef2a27821ed49cf4792be1cc15b4a4c936797,https://www.mhada.gov.in/sites/default/files/4-The-MHAD-%28Land-Income%29%28Inquiry-%26-Notice%29-Rules-1979.pdf,Maharashtra Housing and Area Development Authority,notice/tender,4-The-MHAD-%28Land-Income%29%28Inquiry-%26-Notice%29-Rules-1979.pdf,64140,2026-08-10T17:11:08+00:00,CLEAN,5,2,2,,,8073,0,0,0.0,0,PrimoPDF,PrimoPDF http://www.primopdf.com/
2c6926b764b2a36b0c691c310358cbc3a70daff8477c6cb78653e3e252a24989,https://www.mhada.gov.in/sites/default/files/Civil_Engineer_Assistance_Document_Verification-dtd-4-5-2022.pdf,Maharashtra Housing and Area Development Authority,notice/tender,Civil_Engineer_Assistance_Document_Verification-dtd-4-5-2022.pdf,537660,2026-08-10T17:11:20+00:00,CLEAN,5,3,3,,,10615,0,0,0.0,0,Microsoft® Office Excel® 2007,Microsoft® Office Excel® 2007
8f2d54ef96125bd80cbdf21ce5f0b83e7446dd1652687c49b82b266c8472d88f,https://www.mhada.gov.in/sites/default/files/Recruitment_Rules_ICT_telephone_CDO_Legal_architect-dtd-05-05-2025_0.pdf,Maharashtra Housing and Area Development Authority,notice/tender,Recruitment_Rules_ICT_telephone_CDO_Legal_architect-dtd-05-05-2025_0.pdf,415077,2026-08-10T17:11:24+00:00,LEGACY,29,15,12,"DVOTSurekhMRBold;DVTTSurekhBold;DVTTSurekhNormal;SakalMarathi-Normal;SakalMarathi-Normal,Bold;SakalMarathi-Normal,Italic",,54703,33233,2057,61.9,645,doPDF Ver 10.9 Build 129,
5962654da2b9731a3bfbc9542e4cac46ae858da5f67dcb51a91e5e2a5a59c81c,https://www.mhada.gov.in/sites/default/files/Citizens_Charter_of_MHADA_dtd-7_12_2020_0_0.pdf,Maharashtra Housing and Area Development Authority,notice/tender,Citizens_Charter_of_MHADA_dtd-7_12_2020_0_0.pdf,16608927,2026-08-10T17:11:28+00:00,CLEAN,46,10,0,,,1692,27,2,0.0,0,Microsoft: Print To PDF,
9c34b6bfa15b4a71e9e64b9bf80f281a1e47a875ba0e26e3096151aa1f6d0df9,https://www.mhada.gov.in/sites/default/files/Mhada-Budget2015-2016.-part-2.pdf,Maharashtra Housing and Area Development Authority,notice/tender,Mhada-Budget2015-2016.-part-2.pdf,1753703,2026-08-10T17:11:35+00:00,LEGACY,142,229,182,"APS-C-DV-Priyanka;APS-C-DV-Priyanka,Bold;APS-C-DV-Shweta;APS-C-DV-Shweta,Bold;DV-TTYogesh;DV-TTYogesh,Bold;DVB-TTSurekh;DVB-TTSurekh,Bold;DVB-TTYogesh,Bold;DVBW-TTSurekh;DVBW-TTSurekh,Bold;DVBW-TTYogesh,Bold",,36934,0,0,0.0,0,Adobe Acrobat Pro 9.2.0,Adobe Acrobat Pro 9.2.0
9afd82bb7bdc935493d0b0b9af0cd28b0df9fe276206a0db44c0a343cb305be3,https://www.mhada.gov.in/sites/default/files/july-PendingRTICasesJully22082012.pdf,Maharashtra Housing and Area Development Authority,notice/tender,july-PendingRTICasesJully22082012.pdf,19237,2026-08-10T17:11:37+00:00,LEGACY,1,2,2,"APS-C-DV-Priyanka;APS-C-DV-Priyanka,Bold",,1096,0,0,0.0,0,Nitro PDF PrimoPDF,PrimoPDF http://www.primopdf.com
14b934c860937e5e83831f0b46fcaad09e023e62a687362495d07c59928ef8ff,https://www.mhada.gov.in/sites/default/files/TC_Circular_Regarding_Guidelines_For_Air_Pollution_Mitigation-dtd-19-05-2026-C_0.pdf,Maharashtra Housing and Area Development Authority,notice/tender,TC_Circular_Regarding_Guidelines_For_Air_Pollution_Mitigation-dtd-19-05-2026-C_0.pdf,4512740,2026-08-10T17:11:39+00:00,LEGACY,16,16,9,"DVBW-TTSurekh;DVBW-TTSurekh,Bold",,2947,1595,23,14.42,1,3-Heights™ PDF Merge Split Shell 6.12.1.11 (http://www.pdf-t,
ff25d03d9850e2ec008f02d4fc75a595679cdafbfed3aaecde9887cb9cd83475,https://www.mhada.gov.in/sites/default/files/Vigilance_and_Security_Office_Circular_No._15-dtd-04-08-2025.pdf,Maharashtra Housing and Area Development Authority,notice/tender,Vigilance_and_Security_Office_Circular_No._15-dtd-04-08-2025.pdf,213745,2026-08-11T08:32:12+00:00,SCAN,1,0,0,,,0,0,0,0.0,0,Epson Scan 2,
bd84787e80a7b3d89dfb6eb4ed532277a9d21519d42afda070a7b6abc637d4e9,https://www.mhada.gov.in/sites/default/files/aug-RTI_AUGUST_2014.pdf,Maharashtra Housing and Area Development Authority,notice/tender,aug-RTI_AUGUST_2014.pdf,626724,2026-08-11T08:32:22+00:00,SCAN,1,0,0,,,0,0,0,0.0,0, ,Canon 
3edb6b28d10a5c30dd3d2fe1abafd5dfbcceb7dc7e79487609d263681f03d2b9,https://www.mhada.gov.in/sites/default/files/Konkan_eAuction_Revised-timetable-2025-dtd-20-11-2025_03.pdf,Maharashtra Housing and Area Development Authority,notice/tender,Konkan_eAuction_Revised-timetable-2025-dtd-20-11-2025_03.pdf,212563,2026-08-11T08:32:35+00:00,SCAN,1,0,0,,,0,0,0,0.0,0,Epson Scan 2,
5b3dcfe8df9a04a1f38e9f05f75bb89380c33df8af5bb40adc76f952f4b828b9,https://www.mhada.gov.in/sites/default/files/Information-regarding-Activities.pdf,Maharashtra Housing and Area Development Authority,notice/tender,Information-regarding-Activities.pdf,44916,2026-08-11T08:32:54+00:00,CLEAN,1,2,2,,,1737,0,0,0.0,0,PrimoPDF,PrimoPDF http://www.primopdf.com/
8e58a4e513678d1e094a192435d0beac655430612f163ba5d1ce6dbf11728036,https://www.mhada.gov.in/sites/default/files/Vigilance_and_Security_Office_Circular_No._25-dtd-01-06-2025.pdf,Maharashtra Housing and Area Development Authority,notice/tender,Vigilance_and_Security_Office_Circular_No._25-dtd-01-06-2025.pdf,929327,2026-08-11T08:32:57+00:00,SCAN,4,0,0,,,0,0,0,0.0,0,Epson Scan 2,
5b85bb6f4bad755c137f827afddd27f2bf4d4c1f7b6e3e2dcde82d237757a9d3,https://www.mhada.gov.in/sites/default/files/24%20march%202025%2020250401_12110705.pdf,Maharashtra Housing and Area Development Authority,notice/tender,24%20march%202025%2020250401_12110705.pdf,47562,2026-08-11T08:32:59+00:00,SCAN,2,0,0,,,0,0,0,0.0,0,Epson Scan 2,
fd018d22d0a131f541c39c23b7e718c0282207ff87c39b06fabdb3ec1c4c3665,https://www.mhada.gov.in/sites/default/files/Citizens_Charter-EE-Borivali-MB-dtd-14-05-2026_0.pdf,Maharashtra Housing and Area Development Authority,notice/tender,Citizens_Charter-EE-Borivali-MB-dtd-14-05-2026_0.pdf,231223,2026-08-11T08:33:05+00:00,SCAN,6,0,0,,,0,0,0,0.0,0,3-Heights™ PDF Merge Split Shell 6.12.1.11 (http://www.pdf-t,
408e1072ed5caa1d6ab395e7a776d4a57d8b62fddecad01c01460e487905cbc2,https://www.mhada.gov.in/sites/default/files/MHADA_RESOLUTIONS_OF_AUTHORITY_MEETING_NO_301-dtd-30-09-2025.pdf,Maharashtra Housing and Area Development Authority,notice/tender,MHADA_RESOLUTIONS_OF_AUTHORITY_MEETING_NO_301-dtd-30-09-2025.pdf,21946673,2026-08-11T08:33:12+00:00,SCAN,68,0,0,,,0,0,0,0.0,0,Epson Scan 2,
341782626725025b7e3483fb36a08d26ebf637dc699d252337fa1a952b7969f9,https://www.mhada.gov.in/sites/default/files/Circular_Regarding_Guidlines_for_Preparing_Techinical_Saction_for_the_works_under_Mumbai_Slum_Improvement_Board_MSIB-dtd-17-12-2025.pdf,Maharashtra Housing and Area Development Authority,notice/tender,Circular_Regarding_Guidlines_for_Preparing_Techinical_Saction_for_the_works_under_Mumbai_Slum_Improvement_Board_MSIB-dtd-17-12-2025.pdf,1452337,2026-08-11T08:33:13+00:00,LEGACY,3,19,11,"DVBW-TTSurekh;DVBW-TTSurekh,Bold",,3968,1620,58,35.8,6,Microsoft® Office Word 2007,Microsoft® Office Word 2007
1d5b00c9aaf5d8026724a9df0f6fb2f7be8ce42c74614c44b0ce7ba6954a899f,https://www.mhada.gov.in/sites/default/files/feb-Pending_Report_of_RTI_FEB_2014.pdf,Maharashtra Housing and Area Development Authority,notice/tender,feb-Pending_Report_of_RTI_FEB_2014.pdf,31145,2026-08-11T08:33:16+00:00,SCAN,1,0,0,,,0,0,0,0.0,0,Xerox WorkCentre 5020/DN,Xerox WorkCentre 5020/DN
747d9216141cb29776b1bb765d904e0fcf0998467ef80fcf438a7ac011c49493,https://www.mhada.gov.in/sites/default/files/mhada_act_chap_9.pdf,Maharashtra Housing and Area Development Authority,notice/tender,mhada_act_chap_9.pdf,2383401,2026-08-11T08:33:19+00:00,SCAN,15,1,0,,,32,0,0,0.0,0,Online2PDF.com,Online2PDF.com
f625496ed557784763f5bb637089ec24a573e02f929647b4f61936f2cf8b4555,https://www.mhada.gov.in/sites/default/files/List_of_cases_disposed_of_through_the_Regional_Designated_Officers_Office_from_01_02_2026-dtd-13-03-2026.pdf,Maharashtra Housing and Area Development Authority,notice/tender,List_of_cases_disposed_of_through_the_Regional_Designated_Officers_Office_from_01_02_2026-dtd-13-03-2026.pdf,292214,2026-08-11T08:33:35+00:00,SCAN,1,0,0,,,0,0,0,0.0,0,3-Heights™ PDF Merge Split Shell 6.12.1.11 (http://www.pdf-t,
7f46729ce2a10f9120c88034e011667ed0ade99d7c2e3cf4c36c4c9365b9d876,https://www.mhada.gov.in/sites/default/files/Junior_Architectural_Assistant_Document_Verification-dtd-4-5-2022.pdf,Maharashtra Housing and Area Development Authority,notice/tender,Junior_Architectural_Assistant_Document_Verification-dtd-4-5-2022.pdf,405407,2026-08-11T08:33:38+00:00,CLEAN,1,3,3,,,1456,0,0,0.0,0,Microsoft® Office Excel® 2007,Microsoft® Office Excel® 2007
b9a7578d0b6d95879bf982fe86625117214fdeba2c58b1a6db28e175a196abac,https://www.mhada.gov.in/sites/default/files/Citizens_Charter_Estate_manager_Ghatkopar-MB-dtd-10-11-2022_1.pdf,Maharashtra Housing and Area Development Authority,notice/tender,Citizens_Charter_Estate_manager_Ghatkopar-MB-dtd-10-11-2022_1.pdf,375796,2026-08-11T08:33:50+00:00,SCAN,8,0,0,,,0,0,0,0.0,0,3-Heights™ PDF Merge Split Shell 6.12.1.11 (http://www.pdf-t,
243c185e20d96b37ddae67d00528dc232eadbcb2896d38f51dab3a1b81114dbc,https://www.mhada.gov.in/sites/default/files/List_of_Designated_Officers_in_Mumbai_n_Mumbai_Suburban_for_MHADA_Land-dtd-4-7-2023_0.pdf,Maharashtra Housing and Area Development Authority,notice/tender,List_of_Designated_Officers_in_Mumbai_n_Mumbai_Suburban_for_MHADA_Land-dtd-4-7-2023_0.pdf,336755,2026-08-11T08:33:53+00:00,SCAN,6,0,0,,,0,0,0,0.0,0,KONICA MINOLTA bizhub 227,KM_227
da14c2aa491d1998bccffe94e3458e89329918143994db4a00e1f0e5954e5166,https://www.mhada.gov.in/sites/default/files/Surveyor_Document_Verification-dtd-4-5-2022.pdf,Maharashtra Housing and Area Development Authority,notice/tender,Surveyor_Document_Verification-dtd-4-5-2022.pdf,469144,2026-08-11T08:33:55+00:00,CLEAN,2,3,3,,,3537,0,0,0.0,0,Microsoft® Office Excel® 2007,Microsoft® Office Excel® 2007
f9c5b9651acbdba45c481901845e56483f9c8c361a9b8e75604771488e0e16b9,https://www.mhada.gov.in/sites/default/files/mhada_act_s3.pdf,Maharashtra Housing and Area Development Authority,notice/tender,mhada_act_s3.pdf,73858,2026-08-11T08:34:15+00:00,SCAN,1,1,0,,,2,0,0,0.0,0,Online2PDF.com,Online2PDF.com
0d3e1b2c9161ea9546f72a491ff53e0d572ac68a60f6252f2f7c845b17431bad,https://www.mhada.gov.in/sites/default/files/dec-Pending_Report_of_RTI_Dec_2013_0.pdf,Maharashtra Housing and Area Development Authority,notice/tender,dec-Pending_Report_of_RTI_Dec_2013_0.pdf,40873,2026-08-11T08:34:18+00:00,LEGACY,1,4,4,"APS-C-DV-Prakash;APS-C-DV-Priyanka;APS-C-DV-Priyanka,Bold",,1150,0,0,0.0,0,Nitro PDF PrimoPDF,PrimoPDF http://www.primopdf.com
b65a6c3d10df0d20118b9a31850ca7d9ea34801727b444749a6de6b8c01d3e15,https://www.mhada.gov.in/sites/default/files/ICT_Draft_Rules-dtd-27-06-2025_0.pdf,Maharashtra Housing and Area Development Authority,notice/tender,ICT_Draft_Rules-dtd-27-06-2025_0.pdf,11080214,2026-08-11T08:34:22+00:00,SCAN,34,0,0,,,0,0,0,0.0,0,HP Scan Extended Application,HP Scan
bba80872583866f9cf675d0763290119b60b193856c398c6a4c4bdf85c11edf4,https://www.mhada.gov.in/sites/default/files/Citizens_Charter-Estate_manager-Authority-dtd-10-04-2026.pdf,Maharashtra Housing and Area Development Authority,notice/tender,Citizens_Charter-Estate_manager-Authority-dtd-10-04-2026.pdf,147152,2026-08-11T08:34:26+00:00,SCAN,1,0,0,,,0,0,0,0.0,0,iLovePDF,
8c72dfb09050409d64a45f93585545048f0223cd200628f047616e3f6470420f,https://www.mhada.gov.in/sites/default/files/Citizens_Charter_EE_Bandra_MB-dtd-16-06-2026_0.pdf,Maharashtra Housing and Area Development Authority,notice/tender,Citizens_Charter_EE_Bandra_MB-dtd-16-06-2026_0.pdf,314756,2026-08-11T08:34:28+00:00,SCAN,1,0,0,,,0,0,0,0.0,0,iLovePDF,
3eeb2b2108b45693789971362e7ef09b2b0c38c0988f3ce18b924eafa2358381,https://www.mhada.gov.in/sites/default/files/Pending-RTI-Cases-From-July-August_n_September-2018_0.pdf,Maharashtra Housing and Area Development Authority,notice/tender,Pending-RTI-Cases-From-July-August_n_September-2018_0.pdf,205793,2026-08-11T08:34:50+00:00,SCAN,3,0,0,,,0,0,0,0.0,0,KONICA MINOLTA bizhub 227,KM_227
fb6c4477afe57c5c7d282a0adea077ceca17dbe505e408c9a1b1c52fde393bdb,https://www.mhada.gov.in/sites/default/files/MHADA_RESOLUTIONS_OF_AUTHORITY_MEETING_NO_294-dtd-17-02-2023_0.pdf,Maharashtra Housing and Area Development Authority,notice/tender,MHADA_RESOLUTIONS_OF_AUTHORITY_MEETING_NO_294-dtd-17-02-2023_0.pdf,1614907,2026-08-11T08:34:52+00:00,SCAN,45,0,0,,,0,0,0,0.0,0,Eastman Kodak Company    ,Document Imaging     
f336755d093233c74b89a5d55e538c51d1cb9cc810edb8101b03aedd318feb30,https://www.mhada.gov.in/sites/default/files/Vigilance_and_Security_Office_Circular_No._23-dtd-04-08-2025.pdf,Maharashtra Housing and Area Development Authority,notice/tender,Vigilance_and_Security_Office_Circular_No._23-dtd-04-08-2025.pdf,152366,2026-08-11T08:35:06+00:00,SCAN,4,0,0,,,0,0,0,0.0,0,Epson Scan 2,
4f3523397da8d71cede8861866b46c14cf48ef84dd72bd2ac442052bd5a90a46,https://www.mhada.gov.in/sites/default/files/Assistance_Engineer_Civil_Document_Verification-dtd-4-5-2022.pdf,Maharashtra Housing and Area Development Authority,notice/tender,Assistance_Engineer_Civil_Document_Verification-dtd-4-5-2022.pdf,501127,2026-08-11T08:35:08+00:00,CLEAN,3,3,3,,,7480,0,0,0.0,0,Microsoft® Office Excel® 2007,Microsoft® Office Excel® 2007
5fee22111230bb51847dcd6be09997a86fa7e0cb6346be6565ff3c78fa155b7f,https://www.mhada.gov.in/sites/default/files/Pending-RTI-Cases-From-Jan-to-March-2019_0.pdf,Maharashtra Housing and Area Development Authority,notice/tender,Pending-RTI-Cases-From-Jan-to-March-2019_0.pdf,235220,2026-08-11T08:35:14+00:00,SCAN,4,0,0,,,0,0,0,0.0,0,KONICA MINOLTA bizhub 227,KM_227
29e5a15bd95b2c9cfc931c99e510163d106189fea468ec69c6ad55f48df78359,https://www.mhada.gov.in/sites/default/files/Recruitment_Rules_Accounts-dtd-05-05-2025_0.pdf,Maharashtra Housing and Area Development Authority,notice/tender,Recruitment_Rules_Accounts-dtd-05-05-2025_0.pdf,2730831,2026-08-11T08:35:21+00:00,SCAN,9,0,0,,,0,0,0,0.0,0,doPDF Ver 10.9 Build 129,
5bd4471e983646332df7fd187a7fd80e36cc7297ab4d4e3ee6221433662f1ef3,https://www.mhada.gov.in/sites/default/files/feb-PendingRTIcasesabstract1932012.pdf,Maharashtra Housing and Area Development Authority,notice/tender,feb-PendingRTIcasesabstract1932012.pdf,19186,2026-08-11T08:35:23+00:00,LEGACY,1,2,2,"APS-C-DV-Priyanka;APS-C-DV-Priyanka,Bold",,1084,0,0,0.0,0,Nitro PDF PrimoPDF,PrimoPDF http://www.primopdf.com
c5fbb2a2f53bcaae857be2234e68edf39b2e1b1a1f6682a627aa14f3396042ab,https://www.mhada.gov.in/sites/default/files/Citizens_Charter-Competent%20Authority-2-dtd-10-12-2021-A_1.pdf,Maharashtra Housing and Area Development Authority,notice/tender,Citizens_Charter-Competent%20Authority-2-dtd-10-12-2021-A_1.pdf,33570,2026-08-11T08:35:25+00:00,LEGACY,1,4,2,"APS-C-DV-Alankar;APS-C-DV-Alankar,Bold",,1067,0,0,0.0,0,Microsoft® Word 2013,Microsoft® Word 2013
080cf568f2c9eb89ba13c4212aab7a781dc064436b41e7aa341d88e4795aff7d,https://www.mhada.gov.in/sites/default/files/Circular_regarding_e-tender_notice_period_for_works_executing_in_MHADA-dtd-01-03-2024_0_0.pdf,Maharashtra Housing and Area Development Authority,notice/tender,Circular_regarding_e-tender_notice_period_for_works_executing_in_MHADA-dtd-01-03-2024_0_0.pdf,363001,2026-08-11T08:35:27+00:00,SCAN,4,0,0,,,0,0,0,0.0,0,,
d691efd2dfd6eae9b529e9d5db37c33ef944f7e8a593061ed7b893fba18b9a1b,https://www.mhada.gov.in/sites/default/files/Vigilance_and_Security_Office_Circular_No._18-dtd-04-08-2025.pdf,Maharashtra Housing and Area Development Authority,notice/tender,Vigilance_and_Security_Office_Circular_No._18-dtd-04-08-2025.pdf,193246,2026-08-11T08:36:13+00:00,SCAN,1,0,0,,,0,0,0,0.0,0,Epson Scan 2,
1085c761eba1d030ac6dd0d1f839497715f9d04500adaeb87123d951d420107e,https://www.mhada.gov.in/sites/default/files/Pending_RTI_cases_abstract_Jan2011.pdf,Maharashtra Housing and Area Development Authority,notice/tender,Pending_RTI_cases_abstract_Jan2011.pdf,31474,2026-08-11T08:36:15+00:00,LEGACY,1,3,3,"APS-C-DV-Priyanka;APS-C-DV-Priyanka,Bold",,1048,0,0,0.0,0,PrimoPDF,PrimoPDF http://www.primopdf.com/
3de04a6f12c6b82eb1e0d7fb0d128b00575b213993037c6bf3bdeeca05214c86,https://www.mhada.gov.in/sites/default/files/Circular_Tech_Notification_of_Public_Works_Department_regarding_e-tender_publication-dtd-25-02-2025_0_0.pdf,Maharashtra Housing and Area Development Authority,notice/tender,Circular_Tech_Notification_of_Public_Works_Department_regarding_e-tender_publication-dtd-25-02-2025_0_0.pdf,217893,2026-08-11T08:36:17+00:00,LEGACY,4,8,4,"DVBW-TTSurekh;DVBW-TTSurekh,Bold",,6445,0,0,0.0,0,Microsoft® Office Word 2007,Microsoft® Office Word 2007
6b531861fa464a793794b8a2406ae3acb9656df64225df1289fa5f781a314478,https://www.mhada.gov.in/sites/default/files/MHADA_Recruitment_2021_Programme_of_document_verification_Engineering_Caders_Degree_n_Diploma-correct-dtd-25-5-2022.pdf,Maharashtra Housing and Area Development Authority,notice/tender,MHADA_Recruitment_2021_Programme_of_document_verification_Engineering_Caders_Degree_n_Diploma-correct-dtd-25-5-2022.pdf,232914,2026-08-11T08:36:19+00:00,LEGACY,2,5,3,"DVBW-TTSurekh;DVBW-TTSurekh,Bold",,3186,0,0,0.0,0,Microsoft® Office Word 2007,Microsoft® Office Word 2007
44a3d26f9a24fcdb2998eb7eabe0a44517aa02345ed8ab2cad22894310da807f,https://www.mhada.gov.in/sites/default/files/Citizens_Charter_ICT_Cell_A-dtd-19-10-2022_1.pdf,Maharashtra Housing and Area Development Authority,notice/tender,Citizens_Charter_ICT_Cell_A-dtd-19-10-2022_1.pdf,71386,2026-08-11T08:36:21+00:00,SCAN,2,0,0,,,0,0,0,0.0,0,3-Heights™ PDF Merge Split Shell 6.12.1.11 (http://www.pdf-t,
28580f22b18c5862c1ef020d5a1739fb2a965083740342861426398ce1189e91,https://www.mhada.gov.in/sites/default/files/Tracer_Document_Verification-dtd-4-5-2022.pdf,Maharashtra Housing and Area Development Authority,notice/tender,Tracer_Document_Verification-dtd-4-5-2022.pdf,449624,2026-08-11T08:36:49+00:00,CLEAN,1,3,3,,,1844,0,0,0.0,0,Microsoft® Office Excel® 2007,Microsoft® Office Excel® 2007
88dcfff9354eae78c0d8318a8ed8a97aa23722c001c484287d977937c0ec89c5,https://www.mhada.gov.in/sites/default/files/Executive_Engineer_Civil_Document_Verification-dtd-4-5-2022.pdf,Maharashtra Housing and Area Development Authority,notice/tender,Executive_Engineer_Civil_Document_Verification-dtd-4-5-2022.pdf,463859,2026-08-11T08:36:57+00:00,CLEAN,2,3,3,,,3305,0,0,0.0,0,Microsoft® Office Excel® 2007,Microsoft® Office Excel® 2007
db3039315cc5932f3bc14da51f712114fabf0882f7860f9731d52f7d3a065f91,https://www.mhada.gov.in/sites/default/files/Citizens_Charter_Estate_manager_Chembur-MB-dtd-22-04-2026.pdf,Maharashtra Housing and Area Development Authority,notice/tender,Citizens_Charter_Estate_manager_Chembur-MB-dtd-22-04-2026.pdf,56958,2026-08-11T08:36:59+00:00,SCAN,3,0,0,,,0,0,0,0.0,0,iLovePDF,
d2003d1afed85e6862ecff66fb809e4662d3559af2116727ac5813cf6395ab61,https://www.mhada.gov.in/sites/default/files/mhada_act_chap_5.pdf,Maharashtra Housing and Area Development Authority,notice/tender,mhada_act_chap_5.pdf,1366497,2026-08-11T08:37:01+00:00,SCAN,8,1,0,,,16,0,0,0.0,0,Online2PDF.com,Online2PDF.com
77eeb7f645d69f460568cd303d714645df4ef71cb29c34211fa5a1f684d71fcb,https://www.mhada.gov.in/sites/default/files/List_of_pending_cases_for_demolition_in_areas_of_Designated_officers-dtd-20-9-2022_0.pdf,Maharashtra Housing and Area Development Authority,notice/tender,List_of_pending_cases_for_demolition_in_areas_of_Designated_officers-dtd-20-9-2022_0.pdf,128595,2026-08-11T08:37:03+00:00,SCAN,4,0,0,,,0,0,0,0.0,0,KONICA MINOLTA bizhub 227,KM_227
3b87c917ab8b2529d3e4b338ef8af84b4520a28b2f32e3e3a1d9f4e0d2502201,https://www.mhada.gov.in/sites/default/files/Vigilance_and_Security_Office_Circular_No._22-dtd-04-08-2025.pdf,Maharashtra Housing and Area Development Authority,notice/tender,Vigilance_and_Security_Office_Circular_No._22-dtd-04-08-2025.pdf,148708,2026-08-11T08:37:26+00:00,SCAN,4,0,0,,,0,0,0,0.0,0,Epson Scan 2,
9a0c208a572ecb9454ecd74448c4c297651cf7847cade3f200ae1913eea46b2a,https://www.mhada.gov.in/sites/default/files/nagrikanchisanad_aurangabad-dtd-28-04-2023_1.pdf,Maharashtra Housing and Area Development Authority,notice/tender,nagrikanchisanad_aurangabad-dtd-28-04-2023_1.pdf,1523440,2026-08-11T08:37:28+00:00,SCAN,2,0,0,,,0,0,0,0.0,0,3-Heights™ PDF Merge Split Shell 6.12.1.11 (http://www.pdf-t,
63443ab4d3bf3891ea6a14a761aeaee41b05ad7f5c92f98284f46172a2e58b4d,https://www.mhada.gov.in/sites/default/files/Recruitment_Rules_Chief_ITC-dtd-05-05-2025_1.pdf,Maharashtra Housing and Area Development Authority,notice/tender,Recruitment_Rules_Chief_ITC-dtd-05-05-2025_1.pdf,319494,2026-08-11T08:37:50+00:00,SCAN,2,0,0,,,0,0,0,0.0,0,doPDF Ver 10.9 Build 129,
14ce5a0e413fa10b87abfbc48d69285751ca109ec15635f210d242b30eab4e6d,https://www.mhada.gov.in/sites/default/files/mhada_act_chap_8a.pdf,Maharashtra Housing and Area Development Authority,notice/tender,mhada_act_chap_8a.pdf,1296384,2026-08-11T08:37:55+00:00,SCAN,7,1,0,,,22,0,0,0.0,0,Online2PDF.com,Online2PDF.com
a5b938f72d3631039c169611acf9b5746b64641fa5c5e1f5b8ab65cb15891ea3,https://www.mhada.gov.in/sites/default/files/Citizens_Charter-Estate_manager-goregaon-MB-dtd-03-10-2024_1.pdf,Maharashtra Housing and Area Development Authority,notice/tender,Citizens_Charter-Estate_manager-goregaon-MB-dtd-03-10-2024_1.pdf,1398428,2026-08-11T08:38:06+00:00,LEGACY,8,38,24,"APS-C-DV-Priyanka;APS-C-DV-Priyanka,Bold;APS-C-DV-Ramayan;APS-C-DV-Shweta;APS-C-DV-Shweta,Bold;APS-C-DV-Virat;DVB-TTSurekh;DVBW-TTSurekh;DVBW-TTSurekh,Bold;DVOT-SurekhMR;DVOT-SurekhMR,Bold",,9976,2018,64,31.71,25,Microsoft® Office Word 2007,Microsoft® Office Word 2007
2f8ea3b13a3874061c6d4d10e759abe0d0cbdc18774cc57c7c918dafec3b27de,https://www.mhada.gov.in/sites/default/files/Junior_Engineer_Civil_Document_Verification-dtd-4-5-2022.pdf,Maharashtra Housing and Area Development Authority,notice/tender,Junior_Engineer_Civil_Document_Verification-dtd-4-5-2022.pdf,650509,2026-08-11T08:38:12+00:00,CLEAN,8,3,3,,,23026,0,0,0.0,0,Microsoft® Office Excel® 2007,Microsoft® Office Excel® 2007
52725491fca0cc1ac50c4d400367ac18b65a4033a8459676d81bc39af7b19b6b,https://www.mhada.gov.in/sites/default/files/MHADA_Recruitment_2021_Programme_of_document_verification-dtd-1-6-2022.pdf,Maharashtra Housing and Area Development Authority,notice/tender,MHADA_Recruitment_2021_Programme_of_document_verification-dtd-1-6-2022.pdf,231430,2026-08-11T08:38:14+00:00,LEGACY,1,5,3,"DVBW-TTSurekh;DVBW-TTSurekh,Bold",,2783,0,0,0.0,0,Microsoft® Office Word 2007,Microsoft® Office Word 2007
d136cff22e7d7169e92bb4f8cd77f32252b94f41c18a8dfdbae6d7ee6b7233c3,https://www.mhada.gov.in/sites/default/files/certificates.pdf,Maharashtra Housing and Area Development Authority,notice/tender,certificates.pdf,178744,2026-08-11T08:38:16+00:00,SCAN,2,1,0,,,4,0,0,0.0,0,Online2PDF.com,Online2PDF.com
fabb69a1337fd361f1e30d068a7079e47c325de598bbe7cc6a858cf153aa9feb,https://www.punemetrorail.org/download/Team of Maha Metro(Pune Metro).pdf,Maharashtra Metro Rail Corporation (Pune Metro),tender,Team of Maha Metro(Pune Metro).pdf,901,2026-08-10T16:07:30+00:00,SCAN,1,0,0,,,155,0,0,0.0,0,,
2b5820a18a23562c088b94828bafa4e6e985f9a8bba8f718899e0fd7320e33b4,https://www.punemetrorail.org/download/Notice-for-NOC.pdf,Maharashtra Metro Rail Corporation (Pune Metro),tender,Notice-for-NOC.pdf,1618733,2026-08-10T16:07:32+00:00,SCAN,4,0,0,,,0,0,0,0.0,0,,Nitro Pro 8
7b7943581f9aa951cceb083c9d6d42eeecc10307626cf999699185cedcff04ed,https://www.punemetrorail.org/download/Guidelines for NOC.pdf,Maharashtra Metro Rail Corporation (Pune Metro),tender,Guidelines for NOC.pdf,387927,2026-08-10T16:07:34+00:00,CLEAN,4,1,1,,,1416,0,0,0.0,0,PDF-XChange (xcpro40.dll v4.0.0178.0000) (Windows),
e9b8da97b7722deac084b899aa8e9f24dcc33fb93661e76301d1b90357f063a1,https://www.punemetrorail.org/download/Procedure for NOC.pdf,Maharashtra Metro Rail Corporation (Pune Metro),tender,Procedure for NOC.pdf,167078,2026-08-10T16:07:36+00:00,SCAN,3,0,0,,,0,0,0,0.0,0,Adobe PSL 1.3e for Canon??,Canon iR-ADV C3320  PDF
332760a730530a442b76254aee982962f9842b4001304b412b892904ddea50aa,https://www.punemetrorail.org/download/Procurement Plan Pune Projects.pdf,Maharashtra Metro Rail Corporation (Pune Metro),tender,Procurement Plan Pune Projects.pdf,387453,2026-08-10T16:07:38+00:00,CLEAN,2,6,3,,,1812,0,0,0.0,0,Microsoft® Word 2013,Microsoft® Word 2013
a803b3188790021814ba08284ae12e6896792ac98a7fc007066ed56bf01afd0d,https://punemetrorail.org/download/policies/film_making_policy_v2.pdf,Maharashtra Metro Rail Corporation (Pune Metro),tender,film_making_policy_v2.pdf,399264,2026-08-10T16:07:38+00:00,CLEAN,22,8,6,,,34591,0,0,0.0,0,www.ilovepdf.com,Microsoft® Word 2016
361fb67b06fe45bb6083ef4f857ed6c4bb15babce2a84ca03207f18f6ca79a40,https://www.punemetrorail.org/download/zoom/onepunepop.pdf,Maharashtra Metro Rail Corporation (Pune Metro),tender,onepunepop.pdf,80577,2026-08-10T16:07:40+00:00,SCAN,1,0,0,,,0,0,0,0.0,0,Nitro Pro,Nitro Pro
52622234a88ff4ef6de3f3d3f69f4c977022ac66ef74d9441d3cbfb64449875c,https://www.punemetrorail.org/download/zoom/office_address.pdf,Maharashtra Metro Rail Corporation (Pune Metro),tender,office_address.pdf,72944,2026-08-10T16:07:42+00:00,SCAN,1,0,0,,,0,0,0,0.0,0,Nitro Pro,Nitro Pro
b152db2ca8d21e94d7e7fc09619f0e13d81c99de1b4f713d30450f956fe8f045,https://www.punemetrorail.org/download/zoom/tarif-chartCOW.pdf,Maharashtra Metro Rail Corporation (Pune Metro),tender,tarif-chartCOW.pdf,194745,2026-08-10T16:07:44+00:00,SCAN,1,0,0,,,0,0,0,0.0,0,,Nitro Pro 8
d03c0eacae5d69dfebc151926bed2fb6160ce89d6f1141b1bb9af70a992bc23d,https://www.punemetrorail.org/download/zoom/route-map.pdf,Maharashtra Metro Rail Corporation (Pune Metro),tender,route-map.pdf,158035,2026-08-10T16:07:45+00:00,SCAN,1,0,0,,,0,0,0,0.0,0,Microsoft: Print To PDF,
767b9e3638b90db54323a4b99bd73b0f951e10872c281efbae40c8b7555f49ea,https://www.punemetrorail.org/download/zoom/Time-Tebal-new-1.pdf,Maharashtra Metro Rail Corporation (Pune Metro),tender,Time-Tebal-new-1.pdf,74196,2026-08-10T16:07:47+00:00,SCAN,1,0,0,,,0,0,0,0.0,0,Nitro Pro,Nitro Pro
e3f0af9205706be8b0d8a58beeb96ef28c80e71eedd986edb953b09601ef55f1,https://www.punemetrorail.org/download/zoom/Time-Tebal-new-2.pdf,Maharashtra Metro Rail Corporation (Pune Metro),tender,Time-Tebal-new-2.pdf,73485,2026-08-10T16:07:50+00:00,SCAN,1,0,0,,,0,0,0,0.0,0,Nitro Pro,Nitro Pro
8a6f358f573addffc7e9080447bf0c105125afff004de5c6c958e6d76fee72e1,https://www.punemetrorail.org/download/P1PD-20_Technical-Bid_Evaluation_Report.pdf,Maharashtra Metro Rail Corporation (Pune Metro),tender,P1PD-20_Technical-Bid_Evaluation_Report.pdf,166149,2026-08-10T17:01:29+00:00,CLEAN,2,25,0,,,3283,0,0,0.0,0,Adobe PSL 1.2e for Canon,Canon iR-ADV 4225  PDF
457310a682bfa01191a5ef66ea5f5167b4dc6dd4743bab3d20c651ac5764816e,https://www.punemetrorail.org/download/TBER-P2-Misc.pdf,Maharashtra Metro Rail Corporation (Pune Metro),tender,TBER-P2-Misc.pdf,58526,2026-08-10T17:01:30+00:00,SCAN,1,0,0,,,0,0,0,0.0,0,Adobe PSL 1.3e for Canon??,Canon iR-ADV 4525  PDF
e6e866e51fb2c7e9f87ea27d065df07f98472dee578dad4a3fa99d13a42d9221,https://www.punemetrorail.org/download/P1PD-40-TBER.pdf,Maharashtra Metro Rail Corporation (Pune Metro),tender,P1PD-40-TBER.pdf,455718,2026-08-10T17:01:35+00:00,CLEAN,1,2,0,,,1190,0,0,0.0,0,Microsoft: Print To PDF,
a647055ef8b783e3d62b2fdb433ce799ca7cdd4cc736d00f90014c709761d478,https://www.punemetrorail.org/download/TBER TR-01.pdf,Maharashtra Metro Rail Corporation (Pune Metro),tender,TBER TR-01.pdf,78725,2026-08-10T17:01:37+00:00,SCAN,1,0,0,,,0,0,0,0.0,0,Adobe PSL 1.3e for Canon??,Canon iR-ADV 4551 III  PDF
0bc6ed8f87313f0aa3ae6b8ba5d1052d3cd9750e424a27e683ebf71efe78450e,https://www.punemetrorail.org/download/TBER-P2-Misc01-2026.pdf,Maharashtra Metro Rail Corporation (Pune Metro),tender,TBER-P2-Misc01-2026.pdf,67971,2026-08-10T17:01:46+00:00,CLEAN,1,3,3,,,1536,0,0,0.0,0,Adobe PSL 1.3e for Canon??,Canon iR-ADV 4525  PDF
902a7c11ea9f4b7736fa3acade3d1ea2635bb540f0189a2923787223022074df,https://www.punemetrorail.org/download/BERP2-Consul-012024 .pdf,Maharashtra Metro Rail Corporation (Pune Metro),tender,BERP2-Consul-012024 .pdf,57878,2026-08-10T17:01:48+00:00,SCAN,1,0,0,,,0,0,0,0.0,0,Adobe PSL 1.3e for Canon??,Canon iR-ADV C5535 III  PDF
d525f0a90b29045698c36dea869b40ff9f602c4da1c7d04b6f2c87f221d40a31,https://www.punemetrorail.org/download/TL-06 Tender discharge notice.pdf,Maharashtra Metro Rail Corporation (Pune Metro),tender,TL-06 Tender discharge notice.pdf,45744,2026-08-10T17:01:56+00:00,SCAN,1,0,0,,,0,0,0,0.0,0,Adobe PSL 1.3e for Canon??,Canon iR-ADV 4525  PDF
483a076d29f83e38cbf1a1d258f8fb19b1cb09473443fb80ed9ee69d738b341d,https://www.punemetrorail.org/download/P1PD27FBERt.pdf,Maharashtra Metro Rail Corporation (Pune Metro),tender,P1PD27FBERt.pdf,601712,2026-08-10T17:02:10+00:00,CLEAN,1,5,0,,,1413,0,0,0.0,0,Microsoft: Print To PDF,
d557dc7f8cd20954ab5ad14655b1a4ce14999e82daae0de2865b38b834abbe35,https://www.punemetrorail.org/download/P1_Misc26_2020.pdf,Maharashtra Metro Rail Corporation (Pune Metro),tender,P1_Misc26_2020.pdf,3250495,2026-08-10T17:02:41+00:00,CLEAN,101,27,11,,,81779,0,0,0.0,0,,Nitro Pro 8
d1c57b001aa6bf0d6f562f74a9c9e791a037721af2a1a4fe4bfcc55a7dfaa64d,https://www.punemetrorail.org/download/Technical-Bid_Evaluation_ResultP1PD-24_2023.pdf,Maharashtra Metro Rail Corporation (Pune Metro),tender,Technical-Bid_Evaluation_ResultP1PD-24_2023.pdf,76122,2026-08-10T17:02:48+00:00,SCAN,1,0,0,,,0,0,0,0.0,0,Adobe PSL 1.3e for Canon??,Canon iR-ADV C3730  PDF
a94754ebd08f51cbbe94cc65baf888d46108882267185c0134af97be2c804fc0,https://www.punemetrorail.org/download/P1PD54CorrigendumII.PDF,Maharashtra Metro Rail Corporation (Pune Metro),tender,P1PD54CorrigendumII.PDF,287323,2026-08-10T17:03:07+00:00,SCAN,1,0,0,,,0,0,0,0.0,0,VersaLink C7025,VersaLink C7025
fbc79407c629ae16ae3672e09f5eaa4a3e355c59e41a1d0a568cc898129ebe48,https://www.punemetrorail.org/download/Technical Evaluation Resultp1adcc01.pdf,Maharashtra Metro Rail Corporation (Pune Metro),tender,Technical Evaluation Resultp1adcc01.pdf,55625,2026-08-10T17:03:35+00:00,SCAN,1,0,0,,,0,0,0,0.0,0,Adobe PSL 1.3e for Canon??,Canon iR-ADV 4551 III  PDF
9cdf1c99717c45c324148d46532f09bc47d6a4a3d43a05aea53836baf39f3049,https://www.punemetrorail.org/download/P1PD54CorrigendumIV.pdf,Maharashtra Metro Rail Corporation (Pune Metro),tender,P1PD54CorrigendumIV.pdf,3859192,2026-08-10T17:03:59+00:00,SCAN,20,0,0,,,0,0,0,0.0,0,,Nitro Pro 12
26634907dc4fdd16308150b5a4ad75968c79916f625887ea7a3ec3a4030181f2,https://www.punemetrorail.org/download/TBERP2dpr2.pdf,Maharashtra Metro Rail Corporation (Pune Metro),tender,TBERP2dpr2.pdf,55083,2026-08-10T17:04:00+00:00,SCAN,1,0,0,,,0,0,0,0.0,0,Adobe PSL 1.3e for Canon??,Canon iR-ADV C5535 III  PDF
f70d0d4f78ca0d79ec068582073032509bca7ecd370c424fa9bc95f839657944,https://www.punemetrorail.org/download/Technical Bid Evaluation Result P2_PC (3).pdf,Maharashtra Metro Rail Corporation (Pune Metro),tender,Technical Bid Evaluation Result P2_PC (3).pdf,520280,2026-08-10T17:04:38+00:00,CLEAN,1,3,2,,,1462,0,0,0.0,0,Microsoft® Word 2016,Microsoft® Word 2016
f6a92abb653738f6fe4e4890901aef9428df9446b0f49fe00e9b7911e61c4436,https://www.punemetrorail.org/download/Technical Bid Evaluation Result P1 UG 04.pdf,Maharashtra Metro Rail Corporation (Pune Metro),tender,Technical Bid Evaluation Result P1 UG 04.pdf,42691,2026-08-10T17:04:42+00:00,SCAN,1,0,0,,,0,0,0,0.0,0,Adobe PSL 1.3e for Canon??,Canon iR-ADV C3320  PDF
336600c02589acbdb3c71798c7ca96ff4c586bd9f501bae1a70fc93bf38ef1d9,https://www.punemetrorail.org/download/Technical_Evaluation_Result_P1S03_2021.pdf,Maharashtra Metro Rail Corporation (Pune Metro),tender,Technical_Evaluation_Result_P1S03_2021.pdf,44605,2026-08-10T17:04:54+00:00,SCAN,1,0,0,,,0,0,0,0.0,0,Adobe PSL 1.3e for Canon??,Canon iR-ADV 4551 III  PDF
4f26f3589e4f03aa8b1eff478b348627009d869832760602212f9425f4c26564,https://www.punemetrorail.org/download/P1PD-54CorrigendumIX.PDF,Maharashtra Metro Rail Corporation (Pune Metro),tender,P1PD-54CorrigendumIX.PDF,270987,2026-08-10T17:05:13+00:00,SCAN,1,0,0,,,0,0,0,0.0,0,VersaLink C7025,VersaLink C7025
0d5dad7b74e6133a85c2a637fa046745dbdb54c214aa3c93985c7fb5fa25bf10,https://www.punemetrorail.org/download/TBR-p1At0.pdf,Maharashtra Metro Rail Corporation (Pune Metro),tender,TBR-p1At0.pdf,1216255,2026-08-10T17:05:15+00:00,CLEAN,1,4,4,,,1778,0,0,0.0,0,Microsoft® Word 2016,Microsoft® Word 2016
b3fc47fc899cc0eaa0f5fa805186b3324889d9fa3095d833482a200a12ba0a48,https://www.punemetrorail.org/download/TBER-P2_DDC_02.pdf,Maharashtra Metro Rail Corporation (Pune Metro),tender,TBER-P2_DDC_02.pdf,63518,2026-08-10T17:05:28+00:00,SCAN,1,0,0,,,0,0,0,0.0,0,Adobe PSL 1.3e for Canon??,Canon iR-ADV C5535 III  PDF
e90bc655628809cec881c2759b73d3e3d217fe4d77e08c40824e8c048c05481b,https://www.punemetrorail.org/download/P1A-DDC02R.pdf,Maharashtra Metro Rail Corporation (Pune Metro),tender,P1A-DDC02R.pdf,66214339,2026-08-10T17:05:41+00:00,CLEAN,460,36,11,,,72602,0,0,0.0,0,Microsoft: Print To PDF,
620ace4e39219934bfe6a1516697cad28515522af7240ac73cb5b7d064eccf25,https://www.punemetrorail.org/download/P1A-TR3-2025-discharge-notice.pdf,Maharashtra Metro Rail Corporation (Pune Metro),tender,P1A-TR3-2025-discharge-notice.pdf,36510,2026-08-10T17:05:42+00:00,SCAN,1,0,0,,,0,0,0,0.0,0,Adobe PSL 1.3e for Canon??,Canon iR-ADV C3520  PDF
651bac356e480254a62e5a66d044f22db50801efd16dc54176b1fd2994c442b8,https://www.punemetrorail.org/download/LOA doc .pdf,Maharashtra Metro Rail Corporation (Pune Metro),tender,LOA doc .pdf,1116828,2026-08-10T17:05:44+00:00,CLEAN,16,26,26,,,21115,0,0,0.0,0,,Nitro Pro 8
ff3fecc52a51e18e8d6cc2fadb0cf1498a2262a4fd907b92a4d1665b3bca7864,https://www.punemetrorail.org/download/Pune Metro Tender Awarded_P1PD-41-2025.pdf,Maharashtra Metro Rail Corporation (Pune Metro),tender,Pune Metro Tender Awarded_P1PD-41-2025.pdf,225987,2026-08-10T17:06:01+00:00,CLEAN,1,2,2,,,1537,0,0,0.0,0,Microsoft® Excel® 2016,Microsoft® Excel® 2016
2c388727aa78f000b12c7b563850e97b8366e24183a19639ead955c5f0cdc332,https://www.punemetrorail.org/download/P1PD-28_FBER.pdf,Maharashtra Metro Rail Corporation (Pune Metro),tender,P1PD-28_FBER.pdf,529212,2026-08-10T17:06:03+00:00,CLEAN,1,3,0,,,2418,0,0,0.0,0,Microsoft: Print To PDF,
4fc646a918c9dad0a5a5a0ab10bfa29d1150ef9b225109252af9b78d13ceffdf,https://www.punemetrorail.org/download/Beware-of-Fake-Selection-Public-Notice-Marathi.pdf,Maharashtra Metro Rail Corporation (Pune Metro),tender,Beware-of-Fake-Selection-Public-Notice-Marathi.pdf,359742,2026-08-10T17:06:24+00:00,SCAN,1,1,1,,,2,0,0,0.0,0,Microsoft® Word 2019,Microsoft® Word 2019
c6cc79211857bde53149c41756e165cd7e63c6088ab30f6eaa83d887e16a25a5,https://www.punemetrorail.org/download/P1PD-34_TBER.pdf,Maharashtra Metro Rail Corporation (Pune Metro),tender,P1PD-34_TBER.pdf,448485,2026-08-10T17:06:30+00:00,CLEAN,1,2,0,,,1369,0,0,0.0,0,Microsoft: Print To PDF,
c3496027572151a2ab354e6c41a76801255a79fc428e66783007cdfb9a13868d,https://www.punemetrorail.org/download/TBERP2-DDC 03.pdf,Maharashtra Metro Rail Corporation (Pune Metro),tender,TBERP2-DDC 03.pdf,51514,2026-08-10T17:06:52+00:00,SCAN,1,0,0,,,0,0,0,0.0,0,Adobe PSL 1.3e for Canon??,Canon iR-ADV 4525  PDF
300c4fcbe4553015123f2e4352536a0a1634e8f9798c93df0d0d4c6f46879d2c,https://www.punemetrorail.org/download/TBER-P1A-DDC-03.pdf,Maharashtra Metro Rail Corporation (Pune Metro),tender,TBER-P1A-DDC-03.pdf,72711,2026-08-10T17:06:54+00:00,CLEAN,1,4,4,,,1373,0,0,0.0,0,Adobe PSL 1.3e for Canon??,Canon iR-ADV 4551 III  PDF
8863cb96f3b726b622ebff4464333b12bb14335e820c620055acb46d85e3a330,https://www.punemetrorail.org/download/TBER-P2DDC04.pdf,Maharashtra Metro Rail Corporation (Pune Metro),tender,TBER-P2DDC04.pdf,54005,2026-08-10T17:08:20+00:00,SCAN,1,0,0,,,0,0,0,0.0,0,Adobe PSL 1.3e for Canon??,Canon iR-ADV 4525  PDF
982013dc1142f65020e61db6be83f8fb453757ca42b8a18757eebb5280856013,https://www.punemetrorail.org/download/P1PD-45_FBER.pdf,Maharashtra Metro Rail Corporation (Pune Metro),tender,P1PD-45_FBER.pdf,510176,2026-08-10T17:08:24+00:00,CLEAN,1,3,0,,,1105,0,0,0.0,0,Microsoft: Print To PDF,
9052178a3c4f06657e65f6c9f63bcaeedb0ef4e867857301df47ccbecc37882f,https://www.punemetrorail.org/download/Technical_resultP1A-pc01.pdf,Maharashtra Metro Rail Corporation (Pune Metro),tender,Technical_resultP1A-pc01.pdf,58383,2026-08-10T17:08:58+00:00,SCAN,1,0,0,,,0,0,0,0.0,0,Adobe PSL 1.3e for Canon??,Canon iR-ADV C3520  PDF
a0370d02042a96d4e831e66ec395db0eac3336a899ddf0a86e3f23203bbd66cc,https://www.punemetrorail.org/download/P1PD-19_Technical-Bid Evaluation-Result.pdf,Maharashtra Metro Rail Corporation (Pune Metro),tender,P1PD-19_Technical-Bid Evaluation-Result.pdf,52855,2026-08-10T17:09:01+00:00,SCAN,1,0,0,,,0,0,0,0.0,0,Adobe PSL 1.3e for Canon??,Canon iR-ADV 4551 III  PDF
0ee6dee825970182a464bdcf5ced68b9fdb972ca1b61b5f9758d5eebee7b92d4,https://www.punemetrorail.org/download/TBERP1PD33.pdf,Maharashtra Metro Rail Corporation (Pune Metro),tender,TBERP1PD33.pdf,450512,2026-08-10T17:09:03+00:00,CLEAN,1,2,0,,,1445,0,0,0.0,0,Microsoft: Print To PDF,
25151c9dbc42438765ab637a6e83e26bed2f11587ccffe797b1947119d40b87a,https://www.punemetrorail.org/download/Technical_ Bid_Evaluation_Result_Misc-30.pdf,Maharashtra Metro Rail Corporation (Pune Metro),tender,Technical_ Bid_Evaluation_Result_Misc-30.pdf,132515,2026-08-10T17:09:05+00:00,SCAN,1,0,0,,,84,0,0,0.0,0,Adobe PSL 1.3e for Canon,Canon iR-ADV 4551 III  PDF
a9b5dd0d9628f7681e3396e195c96a83d5a2358e0a61b7485a2783fed0c8889e,https://www.punemetrorail.org/download/Technical_Evaluation_Result_P1T062021.pdf,Maharashtra Metro Rail Corporation (Pune Metro),tender,Technical_Evaluation_Result_P1T062021.pdf,82727,2026-08-10T17:09:07+00:00,SCAN,1,0,0,,,0,0,0,0.0,0,Adobe PSL 1.3e for Canon??,Canon iR-ADV 4551 III  PDF
c197e44c12c1c9a37a967545c4ba687ba9dbac419344831cc6332f29a5f2aab6,https://www.punemetrorail.org/download/Technical-Evaluation-Result-P1C06.pdf,Maharashtra Metro Rail Corporation (Pune Metro),tender,Technical-Evaluation-Result-P1C06.pdf,45556,2026-08-10T17:09:14+00:00,SCAN,1,0,0,,,0,0,0,0.0,0,Adobe PSL 1.2e for Canon??,Canon iR-ADV 4225  PDF
f5bc2a5bde324b441dbfebaae99f17d9cda530906cd5c9801e082211a91cb912,https://www.punemetrorail.org/download/Corrigendum-I P2-C03.2026.pdf,Maharashtra Metro Rail Corporation (Pune Metro),tender,Corrigendum-I P2-C03.2026.pdf,72651,2026-08-10T17:09:40+00:00,SCAN,1,0,0,,,0,0,0,0.0,0,Adobe PSL 1.3e for Canon??,Canon iR-ADV 4525  PDF
5ae8a2e7c5d7046bca5055fa68e65cd532f5132ef62f993c1d3cb7f3d9379d17,https://www.punemetrorail.org/download/Pune Metro Tender Awarded_P1PD-33-2024.pdf,Maharashtra Metro Rail Corporation (Pune Metro),tender,Pune Metro Tender Awarded_P1PD-33-2024.pdf,210695,2026-08-10T17:09:42+00:00,CLEAN,1,2,2,,,258,0,0,0.0,0,Microsoft® Excel® 2016,Microsoft® Excel® 2016
a2e8742874e5c7af56345460064946a20461403cf88fab0dca62ad40901b5ff6,https://www.punemetrorail.org/download/P1_ADM08_2019.pdf,Maharashtra Metro Rail Corporation (Pune Metro),tender,P1_ADM08_2019.pdf,1301261,2026-08-10T17:09:48+00:00,CLEAN,83,16,11,,,59505,0,0,0.0,0,Microsoft® Word 2016,Microsoft® Word 2016
8ce3d14d0768085e50a79abb1885733e6b31a79648cf1f9a39f2a3177ca9a097,https://www.punemetrorail.org/download/P1PD54CorrigendumI.PDF,Maharashtra Metro Rail Corporation (Pune Metro),tender,P1PD54CorrigendumI.PDF,253002,2026-08-10T17:09:50+00:00,SCAN,1,0,0,,,0,0,0,0.0,0,VersaLink C7025,VersaLink C7025
4d011a23e0bcf290fc3e8a6f69e29f7b18b7bb2020acb3ea993a6fbfbcc1b57e,https://www.punemetrorail.org/download/20250171_LOA Acceptance_STUPsigned.pdf,Maharashtra Metro Rail Corporation (Pune Metro),tender,20250171_LOA Acceptance_STUPsigned.pdf,5367287,2026-08-10T17:10:45+00:00,CLEAN,26,6,5,,,3052,0,0,0.0,0,iLovePDF,
1a3a2970ef24409ddcf35c0bcdb0412683e87c184a5ce4db41c5d262846bd22b,https://www.punemetrorail.org/download/Tech Result 6R.pdf,Maharashtra Metro Rail Corporation (Pune Metro),tender,Tech Result 6R.pdf,84302,2026-08-10T17:11:17+00:00,SCAN,1,0,0,,,0,0,0,0.0,0,Adobe PSL 1.3e for Canon??,Canon iR-ADV 4551 III  PDF
d0f48fe973e765ecc40647913f8bedf0de683d40083ffd208c951392e885bd9a,https://www.punemetrorail.org/download/public_noticeESIA.pdf,Maharashtra Metro Rail Corporation (Pune Metro),tender,public_noticeESIA.pdf,397942,2026-08-10T17:11:20+00:00,SCAN,1,0,0,,,0,0,0,0.0,0,Adobe PSL 1.4e for Canon??,Canon iR C3120
8d8955b3d77f65c8bb6692c595b39eda37e038eba20866c8bd334ec2c78c188f,https://www.punemetrorail.org/download/TECHNICAL-BID-EVALUATION-RESULT-OF_P1A-Consul-01_2023.pdf,Maharashtra Metro Rail Corporation (Pune Metro),tender,TECHNICAL-BID-EVALUATION-RESULT-OF_P1A-Consul-01_2023.pdf,53929,2026-08-10T17:11:22+00:00,CLEAN,1,2,2,,,1031,0,0,0.0,0,Adobe PSL 1.3e for Canon??,Canon iR-ADV 4551 III  PDF
e1e31f40fd6614f0c07f6a900d37a9c53b301d8cceb759496cb6ceaefe93c631,https://www.punemetrorail.org/download/P1PD54CorrigendumIII.PDF,Maharashtra Metro Rail Corporation (Pune Metro),tender,P1PD54CorrigendumIII.PDF,271056,2026-08-10T17:11:24+00:00,SCAN,1,0,0,,,0,0,0,0.0,0,VersaLink C7025,VersaLink C7025
f280e17aade62c3b99b58039f2c4d328c5bf6db632de7f288ca83d1a80c9d0ae,https://www.punemetrorail.org/download/P1A-C02 LOA.pdf,Maharashtra Metro Rail Corporation (Pune Metro),tender,P1A-C02 LOA.pdf,12894228,2026-08-10T17:11:34+00:00,SCAN,164,0,0,,,0,0,0,0.0,0,Adobe PSL 1.3e for Canon,Canon iR-ADV C5535 III  PDF
56d488c32b349ccde27c56d389f92ca7df069f0e51aadba972e8163bb9af7404,https://www.punemetrorail.org/download/Technical_Bid_Evaluation_Result_P1AUGCR[1].pdf,Maharashtra Metro Rail Corporation (Pune Metro),tender,Technical_Bid_Evaluation_Result_P1AUGCR[1].pdf,1381017,2026-08-10T17:11:41+00:00,CLEAN,1,3,3,,,1695,0,0,0.0,0,Microsoft® Word 2016,Microsoft® Word 2016
2a4a88a448109ffc85cc27cea38f9c30cdd0ae9bf10ecc2c41c6b7e914f6cb71,https://www.punemetrorail.org/download/P1_PD03_2020.pdf,Maharashtra Metro Rail Corporation (Pune Metro),tender,P1_PD03_2020.pdf,5882752,2026-08-11T08:31:56+00:00,CLEAN,34,40,25,,,111294,0,0,0.0,0,,Nitro Pro 13 (13.49.2.993)
2a0aeea020132592f9cb886dfc16bc8111dad512fca1dd8129fd549edc8de574,https://www.punemetrorail.org/download/P1PD-44_FBER.pdf,Maharashtra Metro Rail Corporation (Pune Metro),tender,P1PD-44_FBER.pdf,527036,2026-08-11T08:32:11+00:00,CLEAN,1,3,0,,,2866,0,0,0.0,0,Microsoft: Print To PDF,
641f20b51f1d88578d7d241130f4370a94e82ad85c735bf4ed683e0e669e6e13,https://www.punemetrorail.org/download/P1PD41.TBER.pdf,Maharashtra Metro Rail Corporation (Pune Metro),tender,P1PD41.TBER.pdf,605285,2026-08-11T08:32:14+00:00,CLEAN,1,4,0,,,3009,0,0,0.0,0,Microsoft: Print To PDF,
adf994bef6431f55af84042889f18e7421d473dca61474001542287848e6510c,https://www.punemetrorail.org/download/Technical_evaluation-result-P1-IT-012023.pdf,Maharashtra Metro Rail Corporation (Pune Metro),tender,Technical_evaluation-result-P1-IT-012023.pdf,135748,2026-08-11T08:32:19+00:00,SCAN,1,0,0,,,84,0,0,0.0,0,Adobe PSL 1.3e for Canon,Canon iR-ADV 4551 III  PDF
3ef86a189116eb0cf1ae04905b0a83461a84a3ad6c82510c896e2733ef39b87b,https://www.punemetrorail.org/download/PUBLIC-NOTICE-MARATHI.pdf,Maharashtra Metro Rail Corporation (Pune Metro),tender,PUBLIC-NOTICE-MARATHI.pdf,826489,2026-08-11T08:32:39+00:00,SCAN,2,0,0,,,0,0,0,0.0,0,Adobe PSL 1.4e for Canon??,Canon iR C3120
8f7190fa57aca0b09ab7a282534e03eaf76a6bb6594b5a96264419dc3beab800,https://www.punemetrorail.org/download/Technical result_P1Ac01.pdf,Maharashtra Metro Rail Corporation (Pune Metro),tender,Technical result_P1Ac01.pdf,67695,2026-08-11T08:32:41+00:00,SCAN,1,0,0,,,0,0,0,0.0,0,Adobe PSL 1.3e for Canon??,Canon iR-ADV 4551 III  PDF
8f2d4ceb6a09d3a779ce53597000fd2b4e8cb83fd0e5c7d5cd9d91f4eb9e4a6c,https://www.punemetrorail.org/download/P1PD54CorrigendumVII.PDF,Maharashtra Metro Rail Corporation (Pune Metro),tender,P1PD54CorrigendumVII.PDF,247521,2026-08-11T08:32:50+00:00,SCAN,1,0,0,,,0,0,0,0.0,0,VersaLink C7025,VersaLink C7025
0657ad27f5d0347f964661a079cc9b353ea25398234085b46d003ab0cf752a36,https://www.punemetrorail.org/download/PUBLIC-NOTICE-ENGLISH.pdf,Maharashtra Metro Rail Corporation (Pune Metro),tender,PUBLIC-NOTICE-ENGLISH.pdf,800701,2026-08-11T08:32:52+00:00,SCAN,2,0,0,,,0,0,0,0.0,0,Adobe PSL 1.4e for Canon??,Canon iR C3120
c38f2e0b63ea52c49865e9c912a5646d28a14394dbd767d2ec73415fd5468f97,https://www.punemetrorail.org/download/P1PD28_Tech-BidEvalResult.pdf,Maharashtra Metro Rail Corporation (Pune Metro),tender,P1PD28_Tech-BidEvalResult.pdf,532343,2026-08-11T08:32:54+00:00,CLEAN,1,3,0,,,2352,0,0,0.0,0,Microsoft: Print To PDF,
04478dabd9666ff48eac208af47143f8d78a964bf6939b34257dcf915000362d,https://www.punemetrorail.org/download/TBER-Misc-35.pdf,Maharashtra Metro Rail Corporation (Pune Metro),tender,TBER-Misc-35.pdf,298648,2026-08-11T08:32:56+00:00,CLEAN,1,16,1,,,1392,0,0,0.0,0,,Nitro PDF Pro 14 (14.18.1.41)
8071fcd2d16f5140a85bdf78222a2fb47527fbecc380ba92c0e7d93c599e2f3d,https://www.punemetrorail.org/download/TR-03R TBR.pdf,Maharashtra Metro Rail Corporation (Pune Metro),tender,TR-03R TBR.pdf,55567,2026-08-11T08:33:05+00:00,SCAN,1,0,0,,,0,0,0,0.0,0,Adobe PSL 1.3e for Canon??,Canon iR-ADV 4525  PDF
a4e7039a3622df1bb34620321b94f71ab57a54f004abd896f6f310b54d302d1b,https://www.punemetrorail.org/download/TBERP1A_C02_2024.pdf,Maharashtra Metro Rail Corporation (Pune Metro),tender,TBERP1A_C02_2024.pdf,53857,2026-08-11T08:33:08+00:00,SCAN,1,0,0,,,0,0,0,0.0,0,Adobe PSL 1.3e for Canon??,Canon iR-ADV C5535 III  PDF
122685ff2fbb4fbc1b74780f20b4228bd22e2379a0d2ffd9c5a0b51243cb51de,https://www.punemetrorail.org/download/P1PD27.Technical.Result.pdf,Maharashtra Metro Rail Corporation (Pune Metro),tender,P1PD27.Technical.Result.pdf,603309,2026-08-11T08:33:15+00:00,CLEAN,1,5,0,,,1313,0,0,0.0,0,Microsoft: Print To PDF,
b4711dd3aa48d640a97eb3b17cd4e0791ae4690daff5448d769da34578be6d40,https://www.punemetrorail.org/download/P1A-T01 Signed LOA.pdf,Maharashtra Metro Rail Corporation (Pune Metro),tender,P1A-T01 Signed LOA.pdf,1744903,2026-08-11T08:33:19+00:00,SCAN,24,0,0,,,0,0,0,0.0,0,Adobe PSL 1.3e for Canon,Canon iR-ADV C5535 III  PDF
dc258f1554ff98637fcf5d637d0618407031df013865a1bde33d3a8a4b460ca8,https://www.punemetrorail.org/download/TBERP2-Consul-02.pdf,Maharashtra Metro Rail Corporation (Pune Metro),tender,TBERP2-Consul-02.pdf,51976,2026-08-11T08:33:23+00:00,SCAN,1,0,0,,,0,0,0,0.0,0,Adobe PSL 1.3e for Canon??,Canon iR-ADV 4525  PDF
0d422483c1c3067dbb932a8e3831b509ec89ed41feac84ee4688d27ec467dca9,https://www.punemetrorail.org/download/P1PD-54CorrigendumVIII.PDF,Maharashtra Metro Rail Corporation (Pune Metro),tender,P1PD-54CorrigendumVIII.PDF,268448,2026-08-11T08:33:31+00:00,SCAN,1,0,0,,,0,0,0,0.0,0,VersaLink C7025,VersaLink C7025
250bbbc23fe2d8a475a3db644b30199f585412bdd625ffded665622620f1f87f,https://www.punemetrorail.org/download/MAHA-METROPMRPPROCQuot.pdf,Maharashtra Metro Rail Corporation (Pune Metro),tender,MAHA-METROPMRPPROCQuot.pdf,1059107,2026-08-11T08:33:33+00:00,CLEAN,4,8,0,,,5809,0,0,0.0,0,,Nitro Pro 8
cac837c154e4c126d48a62e09841fab1f03653b4c15dff4926aa5d5c0e8a913a,https://www.punemetrorail.org/download/P1PD32.TBER.pdf,Maharashtra Metro Rail Corporation (Pune Metro),tender,P1PD32.TBER.pdf,456357,2026-08-11T08:33:37+00:00,CLEAN,1,2,0,,,1308,0,0,0.0,0,Microsoft: Print To PDF,
d5534d3436ff78d83ad6428bbdddb5354a1b19229a1340116ebd74b63e157782,https://www.punemetrorail.org/download/P1PD54CorrigendumVI.PDF,Maharashtra Metro Rail Corporation (Pune Metro),tender,P1PD54CorrigendumVI.PDF,246854,2026-08-11T08:33:39+00:00,SCAN,1,0,0,,,0,0,0,0.0,0,VersaLink C7025,VersaLink C7025
011edb8054719eff7cb61e43746ad14adc3ab7595613eef735a23a69a54b8d5e,https://www.punemetrorail.org/download/TBERP2-Consul-01.pdf,Maharashtra Metro Rail Corporation (Pune Metro),tender,TBERP2-Consul-01.pdf,68250,2026-08-11T08:33:43+00:00,SCAN,1,0,0,,,0,0,0,0.0,0,Adobe PSL 1.3e for Canon??,Canon iR-ADV C5535 III  PDF
093ba39ab8fabde6887dfbde4a646d84d10be5a80a1f4013a09d53357dcb4a38,https://www.punemetrorail.org/download/P1PD-08-Tender-Document.pdf,Maharashtra Metro Rail Corporation (Pune Metro),tender,P1PD-08-Tender-Document.pdf,6485465,2026-08-11T08:34:28+00:00,CLEAN,188,34,13,,,88179,0,0,0.0,0,,Nitro Pro 13 (13.49.2.993)
bebe91609b09230859d21507308819ba17b366ef60a83bbd586a6757d90b93e4,https://www.punemetrorail.org/download/Technical-Bid-Result-P1Misc28-2022.pdf,Maharashtra Metro Rail Corporation (Pune Metro),tender,Technical-Bid-Result-P1Misc28-2022.pdf,56524,2026-08-11T08:34:52+00:00,SCAN,1,0,0,,,0,0,0,0.0,0,Adobe PSL 1.3e for Canon??,Canon iR-ADV 4551 III  PDF
3ba3358743070567ce56824facde4aa6291d463681ebd201b3cfdf00bab38eac,https://www.punemetrorail.org/download/P1_RS03_2021.pdf,Maharashtra Metro Rail Corporation (Pune Metro),tender,P1_RS03_2021.pdf,1672079,2026-08-11T08:34:55+00:00,CLEAN,41,12,8,,,56522,0,0,0.0,0,,Nitro Pro 8
8aabed1fad3de09a847329baf9725849e37e8d22051be56b9b960594fe9fb986,https://www.punemetrorail.org/download/Technical_Bid_Evaluation_Result1.pdf,Maharashtra Metro Rail Corporation (Pune Metro),tender,Technical_Bid_Evaluation_Result1.pdf,55091,2026-08-11T08:35:08+00:00,SCAN,1,0,0,,,0,0,0,0.0,0,Adobe PSL 1.3e for Canon??,Canon iR-ADV 4525  PDF
ca2f6994f8daed687312dd62060b23f44ab1b9618f8e46a130d2c9cd603ad2ee,https://www.punemetrorail.org/download/TBER-P2-C02.pdf,Maharashtra Metro Rail Corporation (Pune Metro),tender,TBER-P2-C02.pdf,71667,2026-08-11T08:35:12+00:00,CLEAN,1,4,4,,,1712,0,0,0.0,0,Adobe PSL 1.3e for Canon??,Canon iR-ADV 4525  PDF
302e1f96e917e1905470fb70700e569ac5060fcb3eef9683f43726602f2d2f7d,https://www.punemetrorail.org/download/Financial_Evaluation_Result_P1T062021.pdf,Maharashtra Metro Rail Corporation (Pune Metro),tender,Financial_Evaluation_Result_P1T062021.pdf,62796,2026-08-11T08:35:18+00:00,SCAN,1,0,0,,,0,0,0,0.0,0,Adobe PSL 1.3e for Canon??,Canon iR-ADV 4551 III  PDF
3a80581c0b198c734fc22b62ade16fa3818153c77a23f96f4cdc084a5e54af04,https://www.punemetrorail.org/download/TBER-P1OandM18.pdf,Maharashtra Metro Rail Corporation (Pune Metro),tender,TBER-P1OandM18.pdf,285932,2026-08-11T08:35:21+00:00,SCAN,1,0,0,,,0,0,0,0.0,0,Adobe Acrobat 13.0 Image Conversion Plug-in,Adobe Acrobat 13.0
eaa3ad482483e913f202bdb2543fc492ee0893ce84f23e5ab1cae537b45443a1,https://www.punemetrorail.org/download/TechnicalBidEvaluationResult-P1A-DDC-02R.pdf,Maharashtra Metro Rail Corporation (Pune Metro),tender,TechnicalBidEvaluationResult-P1A-DDC-02R.pdf,536369,2026-08-11T08:35:54+00:00,CLEAN,1,2,2,,,1694,0,0,0.0,0,Microsoft® Word 2016,Microsoft® Word 2016
867f72115283cef94e2bbea454f9e8a4a583605fbd701dc420992cde7bba9368,https://www.punemetrorail.org/download/publicnotice.pdf,Maharashtra Metro Rail Corporation (Pune Metro),tender,publicnotice.pdf,400696,2026-08-11T08:36:08+00:00,SCAN,1,0,0,,,0,0,0,0.0,0,Adobe PSL 1.4e for Canon??,Canon iR C3120
faaea61a9afab0beaed45bab65a93952d8be1a040a59507ab12428918aaf0c7e,https://www.punemetrorail.org/download/Technical Bid -Result P1Misc-34.pdf,Maharashtra Metro Rail Corporation (Pune Metro),tender,Technical Bid -Result P1Misc-34.pdf,738296,2026-08-11T08:36:10+00:00,CLEAN,1,4,4,,,1748,0,0,0.0,0,Microsoft® Word 2016,Microsoft® Word 2016
34f59e2b5bac7d280660410dfd7e39faa7cbe5455cafa003240c743d1d7a4226,https://www.punemetrorail.org/download/TBERp1adm11.pdf,Maharashtra Metro Rail Corporation (Pune Metro),tender,TBERp1adm11.pdf,55106,2026-08-11T08:36:13+00:00,SCAN,1,0,0,,,0,0,0,0.0,0,Adobe PSL 1.3e for Canon??,Canon iR-ADV C5535 III  PDF
1ae588136892dc221b4dcaf0927d717ba2289c94098077f15394fc6a86ee1ce4,https://www.punemetrorail.org/download/Beware-of-Fake-Selection-Public-Notice-English.pdf,Maharashtra Metro Rail Corporation (Pune Metro),tender,Beware-of-Fake-Selection-Public-Notice-English.pdf,399558,2026-08-11T08:36:24+00:00,SCAN,1,1,1,,,2,0,0,0.0,0,Microsoft® Word 2019,Microsoft® Word 2019
e3257f081dcf84fcd84fe190539de2a7216e49ce75203181db16a71e793c603c,https://www.punemetrorail.org/download/Technical_Bid-Evaluation-Result-P1Misc-32.pdf,Maharashtra Metro Rail Corporation (Pune Metro),tender,Technical_Bid-Evaluation-Result-P1Misc-32.pdf,707334,2026-08-11T08:36:26+00:00,CLEAN,1,4,4,,,1769,0,0,0.0,0,Microsoft® Word 2016,Microsoft® Word 2016
04a9f80406aba28a06da565a620bc0f019334e39f32dd77ceca849f046cb4531,https://www.punemetrorail.org/download/P1TL02-2022-Tender-Document.pdf,Maharashtra Metro Rail Corporation (Pune Metro),tender,P1TL02-2022-Tender-Document.pdf,76023638,2026-08-11T08:36:47+00:00,UNCLASSIFIED,401,222,83,,MVBoli;RomanT,82305,0,0,0.0,0,,Nitro Pro 8
a5285e805afbe5f16a262b6373094131203ab8af4e6991b7f4ed310dc999ee8a,https://www.punemetrorail.org/download/tech resultP1om13 .pdf,Maharashtra Metro Rail Corporation (Pune Metro),tender,tech resultP1om13 .pdf,1352011,2026-08-11T08:36:48+00:00,CLEAN,1,4,0,,,1719,0,0,0.0,0,Microsoft: Print To PDF,
c37a1de628627ab9b9893f641c060e7984af5df0d8ced5ba2fb38da12e211e0c,https://www.punemetrorail.org/download/eoi/EOI_26082021.pdf,Maharashtra Metro Rail Corporation (Pune Metro),tender,EOI_26082021.pdf,1482123,2026-08-11T08:36:50+00:00,LEGACY,37,31,21,DVOTSurekhNormal,,57298,0,0,0.0,0,,Nitro Pro 8
1a520688d2ae6e4cf8bc1bb80cfe23ba4a2a9d25aa8b1ab2a1ed5baa26ee12bc,https://www.punemetrorail.org/download/NIT_P2C03_2026.pdf,Maharashtra Metro Rail Corporation (Pune Metro),tender,NIT_P2C03_2026.pdf,105608,2026-08-11T08:36:57+00:00,SCAN,1,0,0,,,0,0,0,0.0,0,Adobe PSL 1.3e for Canon??,Canon iR-ADV 4525  PDF
bf1bdf106b2a6bc77e84969c97a903151f6167f9ffb5141a6a96dc678d3a7842,https://www.punemetrorail.org/download/Financial_opening_P1C24.pdf,Maharashtra Metro Rail Corporation (Pune Metro),tender,Financial_opening_P1C24.pdf,74260,2026-08-11T08:37:14+00:00,CLEAN,1,4,4,,,1668,0,0,0.0,0,Adobe PSL 1.3e for Canon??,Canon iR-ADV 4551 III  PDF
84bdd66a79209a2e7a391def393d16cc46a239e65c0a3b326203663fdab0d9b8,https://www.punemetrorail.org/download/FinancialEvaluationResults_P1S03R2022.pdf,Maharashtra Metro Rail Corporation (Pune Metro),tender,FinancialEvaluationResults_P1S03R2022.pdf,52703,2026-08-11T08:37:26+00:00,SCAN,1,0,0,,,0,0,0,0.0,0,Adobe PSL 1.3e for Canon??,Canon iR-ADV 4525 III  PDF
cc8307d4ac187927d917af1550bd569a0908f27489a4ba8b5f6de470edb33039,https://www.punemetrorail.org/download/P1A-Consul-02 Technical_Evaluation-Result.pdf,Maharashtra Metro Rail Corporation (Pune Metro),tender,P1A-Consul-02 Technical_Evaluation-Result.pdf,59641,2026-08-11T08:37:29+00:00,SCAN,1,0,0,,,0,0,0,0.0,0,Adobe PSL 1.3e for Canon??,Canon iR-ADV C3520  PDF
be43b67e70f70733bd4e95b4acd3dfc5b1672907e2c294502c50a849e611eb66,https://www.punemetrorail.org/download/Tendernotice_1.pdf,Maharashtra Metro Rail Corporation (Pune Metro),tender,Tendernotice_1.pdf,807272,2026-08-11T08:37:44+00:00,SCAN,2,0,0,,,122,0,0,0.0,0,Microsoft: Print To PDF,
d8b546c61e92b24aa3968f811dcb660e05d73f8ae3ce3c9d0e8eae58a84015b3,https://www.punemetrorail.org/download/policies/Policy-to-Book-Auditorim.pdf,Maharashtra Metro Rail Corporation (Pune Metro),tender,Policy-to-Book-Auditorim.pdf,3986777,2026-08-11T08:37:51+00:00,CLEAN,9,9,4,,,15128,0,0,0.0,0,Microsoft® Word 2019,Microsoft® Word 2019
8a75ffddaeb1ce8641fb1da256aa525dbf892c02b48236ce2c68d994f7166108,https://www.punemetrorail.org/download/Tech Result 7R.pdf,Maharashtra Metro Rail Corporation (Pune Metro),tender,Tech Result 7R.pdf,81580,2026-08-11T08:37:54+00:00,SCAN,1,0,0,,,0,0,0,0.0,0,Adobe PSL 1.3e for Canon??,Canon iR-ADV 4551 III  PDF
0c88329498627c920e7e4aae54e9712775b99f5469bb75338bf62f00e1ce934c,https://www.punemetrorail.org/download/Public-NoticeESIA_and_ESMP_(SWARGATE-KATRAJ).pdf,Maharashtra Metro Rail Corporation (Pune Metro),tender,Public-NoticeESIA_and_ESMP_(SWARGATE-KATRAJ).pdf,426388,2026-08-11T08:37:58+00:00,SCAN,1,0,0,,,0,0,0,0.0,0,Adobe PSL 1.4e for Canon??,Canon iR C3120
472d2984a7bd1db495252f9ea4196c0bb492f739da36dde1acdb57e9ccaa5a59,https://www.punemetrorail.org/download/P1PD54_NIT.pdf,Maharashtra Metro Rail Corporation (Pune Metro),tender,P1PD54_NIT.pdf,1077206,2026-08-11T08:38:01+00:00,SCAN,2,0,0,,,122,0,0,0.0,0,Microsoft: Print To PDF,
5cf480557ac65e14a754700cfb28c1557a5788bc03652cd660382438b6d98385,https://www.nmcnagpur.gov.in/assets/300/2026/01/mediafiles/SevaPraveshNiyamCombinefinalCorrection.pdf,Nagpur Municipal Corporation,municipal,SevaPraveshNiyamCombinefinalCorrection.pdf,39013287,2026-08-10T16:08:34+00:00,SCAN,152,0,0,,,0,0,0,0.0,0,intsig.com pdf producer,
eba2137975742ff42d304c077ed2f6f1fb301775b5046459dc8d1ac1d456d729,https://nmcnagpur.gov.in/assets/300/2025/09/mediafiles/Zone_wise_List_of_Urban_primary_health_centres_and_Aayushman_aarogya_Mandir.pdf,Nagpur Municipal Corporation,municipal,Zone_wise_List_of_Urban_primary_health_centres_and_Aayushman_aarogya_Mandir.pdf,285584,2026-08-10T16:08:35+00:00,CLEAN,5,5,5,,,14454,0,0,0.0,0,Microsoft® Excel® 2010,Microsoft® Excel® 2010
64d8cf4df7576e36ec61ac08b25928ba31240c06af26ed989d52e0e22a6d3f12,https://nmcnagpur.gov.in/assets/300/2024/08/mediafiles/ilovepdf_merged_(19).pdf,Nagpur Municipal Corporation,municipal,ilovepdf_merged_(19).pdf,1360443,2026-08-10T16:08:38+00:00,SUSPECT,6,5,4,,,2115,848,19,22.41,3,iLovePDF,
34f861c3c6a5b26687cf5535510655de307485b119efedf87672fdd825688f72,https://nmcnagpur.gov.in/assets/300/2024/01/mediafiles/RTI.pdf,Nagpur Municipal Corporation,municipal,RTI.pdf,2963206,2026-08-10T16:08:41+00:00,CLEAN,9,1,1,,,3774,0,0,0.0,0,Adobe Scan for Android 22.03.07-regular,Adobe Scan for Android 22.03.07-regular
a135d574f15faca6da8f009efaaf582f7106943d14e0a513bcb7e4a5b1515a85,https://nmcnagpur.gov.in/assets/300/2024/03/mediafiles/DO.pdf,Nagpur Municipal Corporation,municipal,DO.pdf,1382229,2026-08-10T16:08:41+00:00,CLEAN,8,10,6,,,3981,0,0,0.0,0,iLovePDF,
28d7a7f5f5caba9fb57671ba436e2a173086a3eddb22761590e546cb56c55e8a,https://www.nmcnagpur.gov.in/assets/300/2023/12/mediafiles/laad_commitee.pdf,Nagpur Municipal Corporation,municipal,laad_commitee.pdf,699201,2026-08-10T16:08:42+00:00,LEGACY,8,7,5,"DVOT-SurekhMR;DVOT-SurekhMR,Bold",,20889,9473,446,47.08,41,Microsoft® Word 2013,Microsoft® Word 2013
51c070c88bd07c70eae6c6934e70b28d4f1646f02c6b6b9e8f4182736c9ced48,https://nmcnagpur.gov.in/assets/300/2023/12/mediafiles/ANM_ELIGIBLE_LIST.pdf,Nagpur Municipal Corporation,municipal,ANM_ELIGIBLE_LIST.pdf,747562,2026-08-10T16:08:43+00:00,CLEAN,7,3,3,,,33225,0,0,0.0,0,Microsoft® Excel® 2013,Microsoft® Excel® 2013
9167d1c76da8f5b45632e5c0defd1da70fc79cb695a249364fe3bae1355d15c7,https://nmcnagpur.gov.in/assets/300/2023/11/mediafiles/kantratilekha.pdf,Nagpur Municipal Corporation,municipal,kantratilekha.pdf,1186513,2026-08-10T16:08:45+00:00,SCAN,3,0,0,,,0,0,0,0.0,0,intsig.com pdf producer,
63cae1707ad2b33fc2a36811802d247eb157f541d560a1b0a513a3202f63a9f9,https://nmcnagpur.gov.in/assets/300/2025/07/mediafiles/Apatti_Vyavsthapan_2025-26.pdf,Nagpur Municipal Corporation,municipal,Apatti_Vyavsthapan_2025-26.pdf,38242241,2026-08-10T16:09:03+00:00,LEGACY,279,62,44,DVOTSurekhBold;DVOTSurekhMRBold;DVOTSurekhMRNormal;DVOTSurekhNormal;Kruti-Dev692;KrutiDev010Bold;KrutiDev010Condensed;KrutiDev020Bold;KrutiDev050;KrutiDev050Wide;KrutiDev160;KrutiDevDisplay430;MGShree,,44215,0,0,0.0,0,Microsoft® Word LTSC,Microsoft® Word LTSC
0487a68b15bf3c8c772855d8ba01aa5596c0a2c1eec3ff3749b9993b11cd3cb0,https://nmcnagpur.gov.in/assets/300/2025/01/Quotations/Quatation_Notice_No_22_Dharampeth_zone_02_NMC.pdf,Nagpur Municipal Corporation,municipal,Quatation_Notice_No_22_Dharampeth_zone_02_NMC.pdf,409595,2026-08-10T17:01:07+00:00,SCAN,1,0,0,,,0,0,0,0.0,0,intsig.com pdf producer,
41e811717f62b551893779fa345227b56deae316ba9482ead73f9ac9230ef361,https://nmcnagpur.gov.in/assets/300/2025/03/mediafiles/Suchna_patra 3.pdf,Nagpur Municipal Corporation,municipal,Suchna_patra 3.pdf,472074,2026-08-10T17:01:08+00:00,SCAN,1,0,0,,,0,0,0,0.0,0,Haru Free PDF Library 2.4.0dev,
e7443b4764138a8bab526d62e52a7d3417944650a8d805079f4baa3e5baf714c,https://nmcnagpur.gov.in/assets/300/2026/05/-Public-Notices/Kantrati_Kida_Nirikshak_samanwayak_1.pdf,Nagpur Municipal Corporation,municipal,Kantrati_Kida_Nirikshak_samanwayak_1.pdf,1586858,2026-08-10T17:01:15+00:00,SCAN,4,0,0,,,0,0,0,0.0,0,intsig.com pdf producer,
a419b1de39cf38bbd0e1dd26121b27e638c6b218a0f442df5f7cd568872332db,https://nmcnagpur.gov.in/assets/300/2025/05/mediafiles/Tree_Officer.pdf,Nagpur Municipal Corporation,municipal,Tree_Officer.pdf,540666,2026-08-10T17:01:16+00:00,CLEAN,36,2,2,,,41181,0,0,0.0,0,Microsoft® Excel® for Microsoft 365,Microsoft® Excel® for Microsoft 365
bf380afad6f700cc51c3578b62a715dc9499d4c680990680f9564f4a270f64b9,https://nmcnagpur.gov.in/assets/300/2026/03/-Public-Notices/Class-4_cadre_Provisional_seniority_list-_year_2026_of_disabled_employees1.pdf,Nagpur Municipal Corporation,municipal,Class-4_cadre_Provisional_seniority_list-_year_2026_of_disabled_employees1.pdf,276123,2026-08-10T17:01:26+00:00,CLEAN,1,1,0,,,1294,0,0,0.0,0,Adobe Scan for Android 26.02.04-google-dynamic,Adobe Scan for Android 26.02.04-google-dynamic
c78f5fd27e75edc4d5b8ef618fb59eead0201fa187643a1cd0b8e83489cedd7e,https://nmcnagpur.gov.in/assets/300/2025/12/-Public-Notices/New_Doc_12-10-2025_18_14.pdf,Nagpur Municipal Corporation,municipal,New_Doc_12-10-2025_18_14.pdf,1601365,2026-08-10T17:01:32+00:00,SCAN,3,0,0,,,0,0,0,0.0,0,intsig.com pdf producer,
c7e88bd4696f588f8e05dce15e4f1f0351b3285bb7de805e291df394e7191342,https://nmcnagpur.gov.in/assets/300/2024/07/-Public-Notices/ilovepdf_merged_(1).pdf,Nagpur Municipal Corporation,municipal,ilovepdf_merged_(1).pdf,5434230,2026-08-10T17:01:46+00:00,SCAN,7,0,0,,,0,0,0,0.0,0,iLovePDF,
2d822a427f25e42a22aa0ca2f7547e02fc4012509d513fd35e5b85e5baaedd58,https://nmcnagpur.gov.in/assets/300/2026/06/mediafiles/6a3e7d775ca33_systemanalystfinal.pdf,Nagpur Municipal Corporation,municipal,6a3e7d775ca33_systemanalystfinal.pdf,380033,2026-08-10T17:01:48+00:00,CLEAN,1,9,8,,,1859,0,0,0.0,0,Adobe Scan for iOS 26.06.18,Adobe Scan for iOS 26.06.18
d6fe3e94006fedb2f0627c24a756df4efcea35105418f4feae1546961533f50b,https://nmcnagpur.gov.in/assets/300/2025/06/mediafiles/Selection_Waitin_List_of_05_Post1.pdf,Nagpur Municipal Corporation,municipal,Selection_Waitin_List_of_05_Post1.pdf,5951314,2026-08-10T17:01:59+00:00,SCAN,31,0,0,,,0,0,0,0.0,0,GPL Ghostscript 10.00.0,Acrobat 5.0 Scan Plug-in for Windows
9cb30fe9161b1b2f74dee074697d83b3e2e34a3b084d05e23d6a6ead642d0280,https://nmcnagpur.gov.in/assets/300/2024/06/mediafiles/sumofproceedings_14062024_01.pdf,Nagpur Municipal Corporation,municipal,sumofproceedings_14062024_01.pdf,319855,2026-08-10T17:02:00+00:00,CLEAN,1,1,1,,,253,0,0,0.0,0, ,Canon 
ffe982e78c1aebc286b725d110fb9e3288180e002de553e093898e0b4c26c720,https://nmcnagpur.gov.in/assets/300/2023/05/-Public-Notices/Letter_no_37_12-04-2022_(1).pdf,Nagpur Municipal Corporation,municipal,Letter_no_37_12-04-2022_(1).pdf,95733,2026-08-10T17:02:02+00:00,SCAN,2,0,0,,,0,0,0,0.0,0,Acrobat 5.0 Scan Plug-in for Windows,Acrobat 5.0 Scan Plug-in for Windows
a97c9f6e763596bb582117f0f57917f5ab0d9c536ad71e46ba63cd911cd894a9,https://nmcnagpur.gov.in/assets/300/2026/08/Public-Notices/NUHM_आणि_NTEP_अंतर्गत_१०_वर्षे_व_त्याहून_अधिक_सेवा_कालावधी_असलेल्या_कर्मचाऱ्यांची_अंतिम_यादी.pdf,Nagpur Municipal Corporation,municipal,NUHM_आणि_NTEP_अंतर्गत_१०_वर्षे_व_त्याहून_अधिक_सेवा_कालावधी_असलेल्या_कर्मचाऱ्यांची_अंतिम_यादी.pdf,10235998,2026-08-10T17:02:32+00:00,SCAN,86,0,0,,,0,0,0,0.0,0,pdf-lib (https://github.com/Hopding/pdf-lib),pdf-lib (https://github.com/Hopding/pdf-lib)
32c82b60834f88dbc2b65a33fa143fb654703800424e7cede20a98f61e789e79,https://nmcnagpur.gov.in/assets/300/2026/06/-Public-Notices/1.pdf,Nagpur Municipal Corporation,municipal,1.pdf,413956,2026-08-10T17:02:36+00:00,SCAN,1,0,0,,,0,0,0,0.0,0,intsig.com pdf producer,
1fd1672ffa7454b90e814e26ece0cac9d57ada549ba165ab5d33535a650b43df,"https://nmcnagpur.gov.in/assets/300/2024/07/-Public-Notices/contractual_administrator_(administration,operation)_selection_list1.pdf",Nagpur Municipal Corporation,municipal,"contractual_administrator_(administration,operation)_selection_list1.pdf",166836,2026-08-10T17:02:44+00:00,CLEAN,1,1,1,,,104,0,0,0.0,0,Adobe Scan for Android 24.05.20-google-dynamic,Adobe Scan for Android 24.05.20-google-dynamic
61d184a6b4e6ea4a3c406ea18b5c1f5ede5b264643b53dd3f472cf1df6b9c5b2,https://nmcnagpur.gov.in/assets/300/2026/01/mediafiles/Law_Assistant.pdf,Nagpur Municipal Corporation,municipal,Law_Assistant.pdf,387204,2026-08-10T17:02:56+00:00,CLEAN,2,3,3,,,25738,0,0,0.0,0,Microsoft® Excel® for Microsoft 365,Microsoft® Excel® for Microsoft 365
2c43677309e877ec9e683035fd9cfa6dc05937af11fc08fd9833fb55284a5a88,https://nmcnagpur.gov.in/assets/300/2025/09/mediafiles/Domain_syllabus_main_(1).pdf,Nagpur Municipal Corporation,municipal,Domain_syllabus_main_(1).pdf,709387,2026-08-10T17:02:59+00:00,CLEAN,12,4,0,,,18583,0,0,0.0,0,Microsoft: Print To PDF,
6dadab4bc2e203239f6518bc27d4ee11106feb609a6d1bdfcaaf24e4cfdd2a3a,https://nmcnagpur.gov.in/assets/300/2026/04/mediafiles/69d8ddd0da789_pronursewaitinglistnmc.pdf,Nagpur Municipal Corporation,municipal,69d8ddd0da789_pronursewaitinglistnmc.pdf,944168,2026-08-10T17:03:12+00:00,CLEAN,2,14,12,,,4293,0,0,0.0,0,Adobe Scan for iOS 26.03.19,Adobe Scan for iOS 26.03.19
d8cfaa60aea3fbe7e686070456c8407f495a68c29fe6229971d985b6176be045,https://nmcnagpur.gov.in/assets/300/2025/06/Public-Notices/final_englishmedium1.pdf,Nagpur Municipal Corporation,municipal,final_englishmedium1.pdf,14444592,2026-08-10T17:03:22+00:00,SCAN,1,0,0,,,0,0,0,0.0,0,Acrobat 5.0 Scan Plug-in for Windows,Acrobat 5.0 Scan Plug-in for Windows
93e5804a4d332a50c356d1d449b380a634dddd6d2e52d21ae04dd5df744dcf13,https://nmcnagpur.gov.in/assets/300/2023/05/-Public-Notices/waiting_list_Anukampa_2022-2-5_(1).pdf,Nagpur Municipal Corporation,municipal,waiting_list_Anukampa_2022-2-5_(1).pdf,1539532,2026-08-10T17:03:34+00:00,SCAN,4,1,1,,,0,0,0,0.0,0,iLovePDF,
afc59d31dfbb9468bdde861d021a1299b8bca2118364a8a64f5a9c600306513f,https://nmcnagpur.gov.in/assets/300/2024/09/mediafiles/2.pdf,Nagpur Municipal Corporation,municipal,2.pdf,331879,2026-08-10T17:03:35+00:00,SCAN,1,0,0,,,0,0,0,0.0,0,iOS Version 18.0 (Build 22A3354) Quartz PDFContext,
88e967451d8f0c11fe221ea40b8df3830759602cb144ba9ecd2e1c4ff661ff61,https://nmcnagpur.gov.in/assets/300/2026/02/-Public-Notices/Non-Technical_Provisional_List_20261.pdf,Nagpur Municipal Corporation,municipal,Non-Technical_Provisional_List_20261.pdf,10803781,2026-08-10T17:03:51+00:00,SCAN,103,0,0,,,0,0,0,0.0,0,GPL Ghostscript 10.05.1,PDF24
f067f39e59d7fc4f66de73f7248efa106020aa073e38d3f5cb0e0c41766e563a,https://nmcnagpur.gov.in/assets/300/2024/07/-Public-Notices/Class_4_Swachta_Jamadar_Final_Gradation_PUB_01-01-20241.pdf,Nagpur Municipal Corporation,municipal,Class_4_Swachta_Jamadar_Final_Gradation_PUB_01-01-20241.pdf,6205858,2026-08-10T17:03:55+00:00,SCAN,15,0,0,,,0,0,0,0.0,0,,
e124cab2c1203fa3f0f0568650433b387ea509bca1ed759e96c7a1fe0c8944a4,https://nmcnagpur.gov.in/assets/300/2025/09/-Public-Notices/New_Doc_09-18-2025_19_051.pdf,Nagpur Municipal Corporation,municipal,New_Doc_09-18-2025_19_051.pdf,291908,2026-08-10T17:04:01+00:00,SCAN,1,0,0,,,0,0,0,0.0,0,intsig.com pdf producer,
f635893051b862442b93256e54996c4d220450e4cac98d2469b9af3dc545bfa9,https://nmcnagpur.gov.in/assets/300/2024/07/-Public-Notices/ilovepdf_merged_(3).pdf,Nagpur Municipal Corporation,municipal,ilovepdf_merged_(3).pdf,11121228,2026-08-10T17:04:38+00:00,CLEAN,38,1,1,,,39892,0,0,0.0,0,iLovePDF,
1ad23f9dd08101fe4aefe3662c0b8370a479b2323b307e53757363ed5dd5baa4,https://nmcnagpur.gov.in/assets/300/2026/03/-Public-Notices/Class_4_Provisional_Senority_list_20261.pdf,Nagpur Municipal Corporation,municipal,Class_4_Provisional_Senority_list_20261.pdf,2826835,2026-08-10T17:04:52+00:00,SCAN,7,7,0,,,0,0,0,0.0,0,Adobe Scan for Android 26.02.04-google-dynamic,Adobe Scan for Android 26.02.04-google-dynamic
8e5dd2dc347abf5dd8aabb1a802fc111abec920392113f198de177cea0d2f9e3,https://nmcnagpur.gov.in/assets/300/2025/02/Quotations/Quotation_No__27_Dharampeth_zone_02_NMC.pdf,Nagpur Municipal Corporation,municipal,Quotation_No__27_Dharampeth_zone_02_NMC.pdf,450804,2026-08-10T17:04:54+00:00,SCAN,1,0,0,,,0,0,0,0.0,0,intsig.com pdf producer,
96e268694d2b4af4d0f825c65f83ce1930f1c8577df30bddcb9af0a0abe79382,https://nmcnagpur.gov.in/assets/300/2023/05/-Public-Notices/seniority_list_2023_class_3_(1).pdf,Nagpur Municipal Corporation,municipal,seniority_list_2023_class_3_(1).pdf,7719658,2026-08-10T17:05:02+00:00,SCAN,17,0,0,,,0,0,0,0.0,0,intsig.com pdf producer,
b894a59e82b36c31af2c22c7f93f542cfd796bcddc5a7751316e11a8c54bb03f,https://nmcnagpur.gov.in/assets/300/2025/05/mediafiles/Post_Name_Nurse_GNM_Advertisement_804_PR_Dt_23_12_2024_Normalization_Procedure.pdf,Nagpur Municipal Corporation,municipal,Post_Name_Nurse_GNM_Advertisement_804_PR_Dt_23_12_2024_Normalization_Procedure.pdf,218358,2026-08-10T17:05:05+00:00,CLEAN,3,11,6,,,4226,0,0,0.0,0,Microsoft® Word for Microsoft 365,Microsoft® Word for Microsoft 365
89fbd239991526f1308e4924e0d4d066b1996663efe6367395aa38cead016a18,https://nmcnagpur.gov.in/assets/300/2025/06/mediafiles/Suchanapatra_10.pdf,Nagpur Municipal Corporation,municipal,Suchanapatra_10.pdf,267945,2026-08-10T17:05:07+00:00,CLEAN,1,7,6,,,978,0,0,0.0,0,Adobe Acrobat DC Paper Capture Plug-in,Adobe Scan for iOS 25.05.20
e6c3cd789b2eb7487f344cdbe3dbbee90aa82478da365250a0cf4d17c07a52c1,https://nmcnagpur.gov.in/assets/300/2025/03/mediafiles/Group_level_timer_dt_04_03_2025.pdf,Nagpur Municipal Corporation,municipal,Group_level_timer_dt_04_03_2025.pdf,740577,2026-08-10T17:05:12+00:00,SUSPECT,4,8,0,,,5949,1199,117,97.58,39,Microsoft: Print To PDF,
0306b21ca6aa4dff6552ea3d87c371d24dbd390c96883f20c1639553677044e2,https://nmcnagpur.gov.in/assets/300/2025/12/mediafiles/Accountant_Scores_PDF.pdf,Nagpur Municipal Corporation,municipal,Accountant_Scores_PDF.pdf,205438,2026-08-10T17:05:19+00:00,CLEAN,7,2,0,,,9199,0,0,0.0,0,Microsoft: Print To PDF,
d802b2c659d3edae542bc084e383545dc390d4296a5d58df9ae1f9b12ae5def8,https://nmcnagpur.gov.in/assets/300/2025/10/mediafiles/NMC_-_Group_Level_Timer_Updated.pdf,Nagpur Municipal Corporation,municipal,NMC_-_Group_Level_Timer_Updated.pdf,283001,2026-08-10T17:05:21+00:00,SUSPECT,5,14,6,,,9229,2154,140,65.0,18,Microsoft® Word for Microsoft 365,Microsoft® Word for Microsoft 365
03e5955a572376a30c794a24250ba1f0e415c89ebf86197ac29dc90a15b83d8a,https://nmcnagpur.gov.in/assets/300/2026/06/mediafiles/6a3e7d32d7f03_Taxcollectorfinal.pdf,Nagpur Municipal Corporation,municipal,6a3e7d32d7f03_Taxcollectorfinal.pdf,5467324,2026-08-10T17:05:26+00:00,SCAN,19,0,0,,,0,0,0,0.0,0,iLovePDF,Acrobat 5.0 Scan Plug-in for Windows
eb066edce4ce93bb4b0d455444db3559a583b99cc3545774244fde60550c3720,https://nmcnagpur.gov.in/assets/300/2025/05/mediafiles/Junior_Engineer_Electrical.pdf,Nagpur Municipal Corporation,municipal,Junior_Engineer_Electrical.pdf,285339,2026-08-10T17:05:48+00:00,CLEAN,15,2,2,,,20425,0,0,0.0,0,Microsoft® Excel® for Microsoft 365,Microsoft® Excel® for Microsoft 365
e605021fb5cf3a5214a2136c6a619a291a016f3824bb9ad29d96767fd988d22b,https://nmcnagpur.gov.in/assets/300/2025/12/mediafiles/Stenographer_Scores_PDF.pdf,Nagpur Municipal Corporation,municipal,Stenographer_Scores_PDF.pdf,205493,2026-08-10T17:05:50+00:00,CLEAN,7,2,0,,,10490,0,0,0.0,0,Microsoft: Print To PDF,
322bbed4549476acbd662131d789707a405c3f8e2e1e7dd9fa5ac56cd5a6ca31,https://nmcnagpur.gov.in/assets/300/2026/02/mediafiles/lib_Asst_Adv399_PR_22_08_25_Pro_SL_WL.pdf,Nagpur Municipal Corporation,municipal,lib_Asst_Adv399_PR_22_08_25_Pro_SL_WL.pdf,845399,2026-08-10T17:05:52+00:00,CLEAN,2,11,9,,,3680,0,0,0.0,0,Adobe Scan for iOS 26.02.18,Adobe Scan for iOS 26.02.18
033267c034cde98492450c7a2bca34c6d284a5d541cd18da32efdcb01edf87e9,https://nmcnagpur.gov.in/assets/300/2025/05/mediafiles/2nd_Response_sheet_regarding_Adv_no_804_PR_Dt_23_12_2024.pdf,Nagpur Municipal Corporation,municipal,2nd_Response_sheet_regarding_Adv_no_804_PR_Dt_23_12_2024.pdf,643687,2026-08-10T17:06:04+00:00,CLEAN,2,9,8,,,3081,0,0,0.0,0,Adobe Scan for iOS 25.01.21,Adobe Scan for iOS 25.01.21
130230cd0ec032d8b6fa72387993b81dee3599473e2952531c03fe2dee7fc639,https://nmcnagpur.gov.in/assets/300/2026/01/Public-Notices/New_Doc_01-21-2026_16_371.pdf,Nagpur Municipal Corporation,municipal,New_Doc_01-21-2026_16_371.pdf,4969692,2026-08-10T17:06:11+00:00,SCAN,12,0,0,,,0,0,0,0.0,0,intsig.com pdf producer,
f789395b8df5e98bc111ef929d70b82ca6ed95ddb9fb9fb6223c13caf21afe59,https://nmcnagpur.gov.in/assets/300/2025/02/-Public-Notices/Final_Seniority_List_2025_compressed.pdf,Nagpur Municipal Corporation,municipal,Final_Seniority_List_2025_compressed.pdf,7392134,2026-08-10T17:06:37+00:00,SCAN,30,0,0,,,0,0,0,0.0,0,iLovePDF,PDF24
b68ba94d199b99cebc1b8437c1e147cfada1b258be38edda5842547f4e83b01d,https://nmcnagpur.gov.in/assets/300/2026/06/mediafiles/6a3e7db4e0afc_libraryassistantfinal.pdf,Nagpur Municipal Corporation,municipal,6a3e7db4e0afc_libraryassistantfinal.pdf,1472155,2026-08-10T17:06:48+00:00,CLEAN,4,27,23,,,5602,0,0,0.0,0,Adobe Acrobat DC Paper Capture Plug-in,Adobe Scan for iOS 26.06.18
211712df3ceec7ee09d7bc651ad9b3380d3bc8cb1c320cd0407e7f3994d86729,https://nmcnagpur.gov.in/assets/300/2026/01/mediafiles/Programmer.pdf,Nagpur Municipal Corporation,municipal,Programmer.pdf,313469,2026-08-10T17:06:49+00:00,CLEAN,2,3,3,,,19065,0,0,0.0,0,Microsoft® Excel® for Microsoft 365,Microsoft® Excel® for Microsoft 365
72481b7736143742e82b77dca847fc32da65409b72d21fc8793ddd5edd4e6b97,https://nmcnagpur.gov.in/assets/300/2026/03/-Public-Notices/New_Doc_03-30-2026_18_13_(1).pdf,Nagpur Municipal Corporation,municipal,New_Doc_03-30-2026_18_13_(1).pdf,298421,2026-08-10T17:06:51+00:00,SCAN,1,0,0,,,0,0,0,0.0,0,intsig.com pdf producer,
e189445b36ab76901d6f7172f9abb8a7dc93575d75e34f77b53190ab57283584,https://nmcnagpur.gov.in/assets/300/2025/07/mediafiles/Final_Selection_List_JE_Electrical_NMC.pdf,Nagpur Municipal Corporation,municipal,Final_Selection_List_JE_Electrical_NMC.pdf,9457992,2026-08-10T17:07:01+00:00,SCAN,1,0,0,,,0,0,0,0.0,0,Acrobat 5.0 Scan Plug-in for Windows,Acrobat 5.0 Scan Plug-in for Windows
1d375bad28f0944c794843daa0bec9fbded8497b13105a0c66e2814becfa2d8e,https://nmcnagpur.gov.in/assets/300/2026/02/mediafiles/Programmer_Adv399_PR_22_08_25_Pro_SL_WL.pdf,Nagpur Municipal Corporation,municipal,Programmer_Adv399_PR_22_08_25_Pro_SL_WL.pdf,362965,2026-08-10T17:08:20+00:00,CLEAN,1,7,6,,,1199,0,0,0.0,0,Adobe Scan for iOS 26.02.18,Adobe Scan for iOS 26.02.18
d336dc99df7828aa893d7e3bd181c5db31e5ff1757660ddd4bc8dbe85b87d863,https://nmcnagpur.gov.in/assets/300/2026/01/-Public-Notices/Final_Seniority_2025_(1)_compressed1.pdf,Nagpur Municipal Corporation,municipal,Final_Seniority_2025_(1)_compressed1.pdf,6715292,2026-08-10T17:08:38+00:00,SCAN,99,0,0,,,0,0,0,0.0,0,iLovePDF,Adobe Scan for Android 25.12.03-google-dynamic
b5dbfd64e4c99f0878590f422e0e8defbbefc29bb055b0b7a5a18658f9a4cc49,https://nmcnagpur.gov.in/assets/300/2026/07/-Public-Notices/Sudharit_Seniority_List1.pdf,Nagpur Municipal Corporation,municipal,Sudharit_Seniority_List1.pdf,7060014,2026-08-10T17:09:01+00:00,SCAN,152,0,0,,,0,0,0,0.0,0,Recoded by LuraDocument PDF v2.65,LuraTech PDF Compressor Desktop 6.2.00.04
cf91550e2acbe623f2af09b664d7b7760b841080d9e7fc436b1db92be9f6ff9a,https://nmcnagpur.gov.in/assets/300/2025/12/mediafiles/Junior_Clerk_Normalisation_PDF.pdf,Nagpur Municipal Corporation,municipal,Junior_Clerk_Normalisation_PDF.pdf,1458458,2026-08-10T17:09:40+00:00,CLEAN,265,2,0,,,54385,0,0,0.0,0,Microsoft: Print To PDF,
d9e14b7e8ae84ef3b985455f2c384bc7283899343b3384fd79ac643e7707375d,https://nmcnagpur.gov.in/assets/300/2026/03/-Public-Notices/Additional_Provisonal_Seniority_List_1_Jan_2026_(Education_Dept)1.pdf,Nagpur Municipal Corporation,municipal,Additional_Provisonal_Seniority_List_1_Jan_2026_(Education_Dept)1.pdf,1811951,2026-08-10T17:09:42+00:00,SCAN,27,0,0,,,0,0,0,0.0,0,Pdftools SDK,
9e890e485468ad45a7ce34659d3555cee5367662c7ecc9e10cbcef1ab1ffe022,https://nmcnagpur.gov.in/assets/300/2026/05/Public-Notices/110_list_14_05_2026__20260520_0001.pdf,Nagpur Municipal Corporation,municipal,110_list_14_05_2026__20260520_0001.pdf,7214384,2026-08-10T17:09:47+00:00,CLEAN,8,1,1,,,13725,0,0,0.0,0,IJ Scan Utility,Canon SC1011
e8d447953b8080f28fc7ae82dbba942fc1e22db7a30643996cd9fd6362ecf4ab,https://nmcnagpur.gov.in/assets/300/2026/04/mediafiles/69d8ddd0d9e97_prowaitinglistceanmc.pdf,Nagpur Municipal Corporation,municipal,69d8ddd0d9e97_prowaitinglistceanmc.pdf,501625,2026-08-10T17:09:50+00:00,CLEAN,1,7,6,,,2659,0,0,0.0,0,Adobe Scan for iOS 26.03.19,Adobe Scan for iOS 26.03.19
436eaf688ce7f4a26724c132b8393c155bce0fe6b7f20033bccd8db477b1dc82,https://nmcnagpur.gov.in/assets/300/2024/12/-Public-Notices/12341.PDF,Nagpur Municipal Corporation,municipal,12341.PDF,171412,2026-08-10T17:09:52+00:00,CLEAN,3,1,1,,,3616,0,0,0.0,0, ,Canon 
cbb410284a279761b6bd7b7c64795a6cd62dec5f4c18e1cd6a1d1a90c88adfd4,https://nmcnagpur.gov.in/assets/300/2024/12/mediafiles/Advt_no__804_23122024_compressed.pdf,Nagpur Municipal Corporation,municipal,Advt_no__804_23122024_compressed.pdf,2381209,2026-08-10T17:09:55+00:00,SCAN,19,0,0,,,0,0,0,0.0,0,iLovePDF,Acrobat 5.0 Scan Plug-in for Windows
087946574ac0d11e69305fd9414e29341a740aaeb27ea374626826885e28f488,https://nmcnagpur.gov.in/assets/300/2023/05/-Public-Notices/1300_1800_merged_(1).pdf,Nagpur Municipal Corporation,municipal,1300_1800_merged_(1).pdf,4956903,2026-08-10T17:10:41+00:00,SCAN,108,0,0,,,0,0,0,0.0,0,iLovePDF,
aa137cc57b43ed836ac7dc8e3c620880753f0fb52179b1762854513856142e54,https://nmcnagpur.gov.in/assets/300/2025/06/mediafiles/JE_civil_final_merit_10_06_25.pdf,Nagpur Municipal Corporation,municipal,JE_civil_final_merit_10_06_25.pdf,2450938,2026-08-10T17:10:42+00:00,CLEAN,103,3,0,,,362123,0,0,0.0,0,Microsoft: Print To PDF,
b2af655117ce0c6e93cba397f5614e0c357eb64cc5241ac3a582898d258044d1,https://nmcnagpur.gov.in/assets/300/2026/01/mediafiles/Data_Manager.pdf,Nagpur Municipal Corporation,municipal,Data_Manager.pdf,190944,2026-08-10T17:11:08+00:00,CLEAN,1,3,3,,,9853,0,0,0.0,0,Microsoft® Excel® for Microsoft 365,Microsoft® Excel® for Microsoft 365
1e6b36b8cbcb80d2587b1b17b28f69f5b9554e547d2fc5e56c233dfd958256db,https://nmcnagpur.gov.in/assets/300/2024/08/Quotations/Notice_dt__16_08_20241.pdf,Nagpur Municipal Corporation,municipal,Notice_dt__16_08_20241.pdf,466485,2026-08-10T17:11:11+00:00,SCAN,1,0,0,,,0,0,0,0.0,0,intsig.com pdf producer,
d8d8730445ea16a327e2a3da36094c083761ef43b746cbbdc8219bef89ac2b71,https://nmcnagpur.gov.in/assets/300/2024/07/-Public-Notices/contractual_accounting_officer_merit_list1.pdf,Nagpur Municipal Corporation,municipal,contractual_accounting_officer_merit_list1.pdf,241726,2026-08-10T17:11:13+00:00,CLEAN,1,1,1,,,163,0,0,0.0,0,Adobe Scan for Android 24.05.20-google-dynamic,Adobe Scan for Android 24.05.20-google-dynamic
af007a04bcfc2f42bdad7da04a9af2917ce1b82f9a41f2f325ca127cbbdf0c28,https://nmcnagpur.gov.in/assets/300/2023/05/-Public-Notices/Kantrati_Phisiotherapist_Thet_Mulakhat_jahirat_Dt_17_11_2022_(1).pdf,Nagpur Municipal Corporation,municipal,Kantrati_Phisiotherapist_Thet_Mulakhat_jahirat_Dt_17_11_2022_(1).pdf,1896177,2026-08-10T17:11:16+00:00,SCAN,5,0,0,,,0,0,0,0.0,0,intsig.com pdf producer,
720bc581964464229da1181e9a4ac3568e4aeedafeef6b81f24c165e6b2269c2,https://nmcnagpur.gov.in/assets/300/2026/02/mediafiles/LDC_Adv399_PR_22_08_25_Pro_SL_WL.pdf,Nagpur Municipal Corporation,municipal,LDC_Adv399_PR_22_08_25_Pro_SL_WL.pdf,4154227,2026-08-10T17:11:20+00:00,SCAN,9,0,0,,,0,0,0,0.0,0,Adobe Scan for iOS 26.02.18,Adobe Scan for iOS 26.02.18
8f79edb1ba60fe5833ad7d13203ed35c653330c1dcc54b05dd7bc849b75a7f8f,https://nmcnagpur.gov.in/assets/300/2023/05/Public-Notices/DOC-20230204-WA0001__(1).pdf,Nagpur Municipal Corporation,municipal,DOC-20230204-WA0001__(1).pdf,290622,2026-08-10T17:11:34+00:00,SCAN,4,0,0,,,0,0,0,0.0,0,iLovePDF,
ea3a5f7a59dc602900d0c298981f29857a3902aa79ea71ff24bd0477be543306,https://nmcnagpur.gov.in/assets/300/2023/11/-Public-Notices/sc_18102023_011.pdf,Nagpur Municipal Corporation,municipal,sc_18102023_011.pdf,3173232,2026-08-11T08:32:17+00:00,CLEAN,5,1,1,,,6302,0,0,0.0,0, ,Canon 
a1c5c0855c258bb242f169e8fedf96510d356ba126ce8d240bb23a5743079da7,https://nmcnagpur.gov.in/assets/300/2023/05/-Public-Notices/22_09_2022_(1).pdf,Nagpur Municipal Corporation,municipal,22_09_2022_(1).pdf,747072,2026-08-11T08:32:32+00:00,CLEAN,2,1,1,,,726,0,0,0.0,0,Adobe Scan for Android 22.10.11-regular,Adobe Scan for Android 22.10.11-regular
7fb8c02c980f447e95762acda4c4d96fdbdd49153294149cb0c5f9e406ca0209,https://nmcnagpur.gov.in/assets/300/2025/05/mediafiles/Post_Name_Civil_Engineer_Assistant_Advertisement_804_PR_Dt_23_12_2024_Normalization_Procedure.pdf,Nagpur Municipal Corporation,municipal,Post_Name_Civil_Engineer_Assistant_Advertisement_804_PR_Dt_23_12_2024_Normalization_Procedure.pdf,194352,2026-08-11T08:32:43+00:00,CLEAN,3,10,6,,,4410,0,0,0.0,0,Microsoft® Word for Microsoft 365,Microsoft® Word for Microsoft 365
8058f70a17d3d8ee14332c6178fb2ffe4d0e2c96d1f9650facedbe8a01ef8d90,https://nmcnagpur.gov.in/assets/300/2026/02/mediafiles/Suchnapatra_6_regarding_publishing_of_SL_WL_Adv399_PR.pdf,Nagpur Municipal Corporation,municipal,Suchnapatra_6_regarding_publishing_of_SL_WL_Adv399_PR.pdf,318900,2026-08-11T08:32:46+00:00,CLEAN,1,8,7,,,883,0,0,0.0,0,Adobe Scan for iOS 26.02.18,Adobe Scan for iOS 26.02.18
30dea48a4d813204f03492017a033496dcd2ca76ccbbf897b0594fae9e5c7cbc,https://nmcnagpur.gov.in/assets/300/2026/01/-Public-Notices/524.PDF,Nagpur Municipal Corporation,municipal,524.PDF,72524,2026-08-11T08:32:48+00:00,CLEAN,1,1,1,,,1558,0,0,0.0,0, ,Canon 
bb6709f22506757ab5c880e8b9c2fe2234923345fe7f7004a704a9a6a122b919,https://nmcnagpur.gov.in/assets/300/2024/04/mediafiles/44.pdf,Nagpur Municipal Corporation,municipal,44.pdf,484219,2026-08-11T08:32:57+00:00,LEGACY,7,15,10,MG Shree;Sakal Marathi,,13028,7,0,0.0,0,Microsoft® Word 2013,Microsoft® Word 2013
2634b6b88e945ad2c566bdc43b432b6400e06740c9bbd711f0f43efc55e51285,https://nmcnagpur.gov.in/assets/300/2026/07/-Public-Notices/Schedule_II1.pdf,Nagpur Municipal Corporation,municipal,Schedule_II1.pdf,6052067,2026-08-11T08:33:05+00:00,SCAN,120,0,0,,,0,0,0,0.0,0,Acrobat 5.0 Scan Plug-in for Windows,Acrobat 5.0 Scan Plug-in for Windows
01d22de64bf60a6c7de00493795dfe8f734473177ac87c57f556f39307c5e9c7,https://nmcnagpur.gov.in/assets/300/2025/03/mediafiles/Time_Table.pdf,Nagpur Municipal Corporation,municipal,Time_Table.pdf,522067,2026-08-11T08:33:07+00:00,CLEAN,1,1,1,,,550,0,0,0.0,0,Adobe Scan for Android 25.01.07-google-dynamic,Adobe Scan for Android 25.01.07-google-dynamic
c1432cfb5927295038e195b07dac1ebdbf07b088a89a2f93c1dfdffdd07fe249,https://nmcnagpur.gov.in/assets/300/2025/10/-Public-Notices/Adobe_Scan_07_Oct_2025_(6).pdf,Nagpur Municipal Corporation,municipal,Adobe_Scan_07_Oct_2025_(6).pdf,570072,2026-08-11T08:33:21+00:00,CLEAN,3,1,1,,,467,0,0,0.0,0,Adobe Scan for Android 25.08.08-google-dynamic,Adobe Scan for Android 25.08.08-google-dynamic
48ec85cef3aa110dc707def900ac31f924d97c399440689befde35f4280722bc,https://nmcnagpur.gov.in/assets/300/2025/09/mediafiles/Exam_Time_table_for_Adv_BC_No_399_PR_dt_19_09_25.pdf,Nagpur Municipal Corporation,municipal,Exam_Time_table_for_Adv_BC_No_399_PR_dt_19_09_25.pdf,765912,2026-08-11T08:33:40+00:00,CLEAN,2,11,9,,,2150,0,0,0.0,0,Adobe Scan for iOS 25.09.11,Adobe Scan for iOS 25.09.11
4cbcfb859684df1cb14cc582b4db3b42a1c24654f55d57e94f11e70106843e56,https://nmcnagpur.gov.in/assets/300/2024/06/-Public-Notices/Praklp_Adhikari_Tantrik_sallagar_prakalpa_sahayogi_Tantrik_sallagar1.pdf,Nagpur Municipal Corporation,municipal,Praklp_Adhikari_Tantrik_sallagar_prakalpa_sahayogi_Tantrik_sallagar1.pdf,730590,2026-08-11T08:33:42+00:00,SCAN,2,0,0,,,0,0,0,0.0,0,intsig.com pdf producer,
0e83ee5d1328e18e6dc201a624fa3b954f8b18e029104d958d09414c76fcae08,https://nmcnagpur.gov.in/assets/300/2025/10/-Public-Notices/Adobe_Scan_30_Oct_2025_(2).pdf,Nagpur Municipal Corporation,municipal,Adobe_Scan_30_Oct_2025_(2).pdf,104102,2026-08-11T08:33:43+00:00,CLEAN,1,1,1,,,41,0,0,0.0,0,Adobe Scan for Android 25.09.18-google-dynamic,Adobe Scan for Android 25.09.18-google-dynamic
a4c64d1ef25c66b20138b2782e473c4d11d2ee0a7554d087961b92e6c50c83d8,https://nmcnagpur.gov.in/assets/300/2023/11/Quotations/Quotation_Notice_for_Publication-_Nehru_Nagar_Zone-_10_08_2023_compressed.pdf,Nagpur Municipal Corporation,municipal,Quotation_Notice_for_Publication-_Nehru_Nagar_Zone-_10_08_2023_compressed.pdf,44400,2026-08-11T08:33:47+00:00,SCAN,1,0,0,,,0,0,0,0.0,0,iLovePDF,Acrobat 5.0 Scan Plug-in for Windows
1bf992ea67f50ab5c3190b844bbdb5cd7f8e12d60cb4bb80b6530b2ce6d89cc8,https://nmcnagpur.gov.in/assets/300/2026/07/-Public-Notices/Additional_Provisional_Seniority_List_20261.pdf,Nagpur Municipal Corporation,municipal,Additional_Provisional_Seniority_List_20261.pdf,1220538,2026-08-11T08:33:50+00:00,CLEAN,5,5,0,,,5058,0,0,0.0,0,Adobe Scan for Android 26.06.12-google-dynamic,Adobe Scan for Android 26.06.12-google-dynamic
d3c6fe99e36993456c4f5d3ff0a2a993034751af156b1397c1fd2cdf5be3cb92,https://nmcnagpur.gov.in/assets/300/2026/04/-Public-Notices/16_04_2026.pdf,Nagpur Municipal Corporation,municipal,16_04_2026.pdf,1817792,2026-08-11T08:33:53+00:00,CLEAN,3,4,0,,,132,0,0,0.0,0,Microsoft: Print To PDF,
5fdc3b246f0d6f2e47bc5a64b842a2cfd6b092c865377413e5e41d1538e9779b,https://nmcnagpur.gov.in/assets/300/2025/10/-Public-Notices/12.PDF,Nagpur Municipal Corporation,municipal,12.PDF,29769,2026-08-11T08:33:54+00:00,CLEAN,1,1,1,,,565,0,0,0.0,0, ,Canon 
def1fd3751ad4e8fdef035a85ab137bda973c6a5435cf20d563fd095efc9450f,https://nmcnagpur.gov.in/assets/300/2025/09/mediafiles/suchnapatra_stenographer-1.pdf,Nagpur Municipal Corporation,municipal,suchnapatra_stenographer-1.pdf,365496,2026-08-11T08:34:01+00:00,CLEAN,1,8,7,,,1259,0,0,0.0,0,Adobe Scan for iOS 25.08.29,Adobe Scan for iOS 25.08.29
59d33bace053d6baca6fab252f751e93c94e61ee94b9fd0a73778589628c4155,"https://nmcnagpur.gov.in/assets/300/2026/07/Public-Notices/E-Advertisement_for_Empanelment_of_Advocates_–_Nagpur_Municipal_Corporation,_Nag2.pdf",Nagpur Municipal Corporation,municipal,"E-Advertisement_for_Empanelment_of_Advocates_–_Nagpur_Municipal_Corporation,_Nag2.pdf",1677395,2026-08-11T08:34:14+00:00,SCAN,4,0,0,,,0,0,0,0.0,0,iOS Version 26.5.2 (Build 23F84) Quartz PDFContext,pdftopdf filter
3dee0520608018b00cba5c6a788ebf54c709d188f32e3cdaee130f81b4a4ab34,https://nmcnagpur.gov.in/assets/300/2024/09/mediafiles/3.pdf,Nagpur Municipal Corporation,municipal,3.pdf,757966,2026-08-11T08:34:15+00:00,SCAN,2,0,0,,,0,0,0,0.0,0,iOS Version 18.0 (Build 22A3354) Quartz PDFContext,
a10b665e4a5852d1cb599d08c931fb9bdb4f5b0a2a8f96af188ebc8e1638f90a,https://nmcnagpur.gov.in/assets/300/2026/02/mediafiles/69a193ed9613a_DV_merged-1-13.pdf,Nagpur Municipal Corporation,municipal,69a193ed9613a_DV_merged-1-13.pdf,3469380,2026-08-11T08:34:18+00:00,SCAN,13,0,0,,,0,0,0,0.0,0,iLovePDF,
d071c56d137bc2435c01a8725fd03d7e6295da6036aae600bcb6a5182fbf8602,https://nmcnagpur.gov.in/assets/300/2025/02/mediafiles/NDS_Interview004.pdf,Nagpur Municipal Corporation,municipal,NDS_Interview004.pdf,20228,2026-08-11T08:34:23+00:00,CLEAN,8,2,2,,,8351,0,0,0.0,0,doPDF   Ver 6.0 Build 258 (Windows Server 2003  x32),NDS  Interview.xlsx
d3def3c1db4a7a54cbc3244496b76a2dfdf85f158a5000e332125f8f010afa58,https://nmcnagpur.gov.in/assets/300/2026/03/Public-Notices/Metropolitan_Surveillance_Unit_Technical_Assistant_Post_Eligible_Non-Eligible_List_For_Objection_last_date_06_March_20261.pdf,Nagpur Municipal Corporation,municipal,Metropolitan_Surveillance_Unit_Technical_Assistant_Post_Eligible_Non-Eligible_List_For_Objection_last_date_06_March_20261.pdf,850062,2026-08-11T08:34:26+00:00,LEGACY,6,7,0,MG Shree+FPEF,,10412,78,5,0.0,1,iLovePDF,
d76c5e0f653a7788722a0feac9788b47029df2ccf1f0fd58bc053aeb5dc63222,https://nmcnagpur.gov.in/assets/300/2026/07/-Public-Notices/गुणवत्ता_यादि.pdf,Nagpur Municipal Corporation,municipal,गुणवत्ता_यादि.pdf,198663,2026-08-11T08:34:45+00:00,SCAN,1,0,0,,,0,0,0,0.0,0,OpenPDF UNKNOWN,
9ea4f23221a52c97265524f9f171940248bb7811569b861d4afca3bf2e4ef1f2,https://nmcnagpur.gov.in/assets/300/2026/07/mediafiles/6a4cf7d1ae910_AdvNo399PRdt220825Corrigendumnotice.pdf,Nagpur Municipal Corporation,municipal,6a4cf7d1ae910_AdvNo399PRdt220825Corrigendumnotice.pdf,406882,2026-08-11T08:35:12+00:00,SCAN,1,0,0,,,0,0,0,0.0,0,Adobe Scan for iOS 26.06.24,Adobe Scan for iOS 26.06.24
9410be430173789531297116dbaf7507664db4a41523d17d0a1ad250d0ad8f19,https://nmcnagpur.gov.in/assets/300/2026/06/mediafiles/6a3e7e5193514_programmerfinal.pdf,Nagpur Municipal Corporation,municipal,6a3e7e5193514_programmerfinal.pdf,794048,2026-08-11T08:35:19+00:00,CLEAN,2,14,12,,,2551,0,0,0.0,0,Adobe Acrobat DC Paper Capture Plug-in,Adobe Scan for iOS 26.06.18
681f2bf8e4fd5dcabeb35ebb7b98f5f3f000ce2c7fd3887dbdf60ebf1706802d,https://nmcnagpur.gov.in/assets/300/2025/05/mediafiles/Mean_standard_deviation_method_for_normalization_regarding_Adv_no_804_PR_Dt_23_12_20241.pdf,Nagpur Municipal Corporation,municipal,Mean_standard_deviation_method_for_normalization_regarding_Adv_no_804_PR_Dt_23_12_20241.pdf,649178,2026-08-11T08:35:21+00:00,CLEAN,2,15,14,,,3232,0,0,0.0,0,PDFium,PDFium
e48d48871c988de56207c1a31afed87793e025f136e5222614a83079f4ee39bc,https://nmcnagpur.gov.in/assets/300/2025/12/mediafiles/data_manager_Scores_PDF.pdf,Nagpur Municipal Corporation,municipal,data_manager_Scores_PDF.pdf,194009,2026-08-11T08:35:25+00:00,CLEAN,4,2,0,,,4428,0,0,0.0,0,Microsoft: Print To PDF,
3be57cdc1f49480dcc2ea7532013fdb3ea2a08cacba2463cfb726ab0b99b1503,https://nmcnagpur.gov.in/assets/300/2025/12/mediafiles/Law_Assistant_Scores_PDF.pdf,Nagpur Municipal Corporation,municipal,Law_Assistant_Scores_PDF.pdf,209600,2026-08-11T08:35:27+00:00,CLEAN,8,2,0,,,11030,0,0,0.0,0,Microsoft: Print To PDF,
a0a9f44a48f717675774f96cc2bbc15a9fe806d25a9f20fa3339f70b1bbea74c,https://nmcnagpur.gov.in/assets/300/2025/01/Quotations/Quatation_No__25_Dharampeth_zone_02_NMC.pdf,Nagpur Municipal Corporation,municipal,Quatation_No__25_Dharampeth_zone_02_NMC.pdf,321523,2026-08-11T08:35:29+00:00,SCAN,1,0,0,,,0,0,0,0.0,0,intsig.com pdf producer,
78e96c6a9c7e09eea0b61638ccc3ae44956b1c973e9000666c04b95fa89fc957,https://nmcnagpur.gov.in/assets/300/2024/01/-Public-Notices/Notice_n1.pdf,Nagpur Municipal Corporation,municipal,Notice_n1.pdf,371816,2026-08-11T08:35:31+00:00,SCAN,1,0,0,,,0,0,0,0.0,0,intsig.com pdf producer,
d0dfccf236702415cffa79242547a30106869bff0b607aae69c2601c563c44c7,https://nmcnagpur.gov.in/assets/300/2024/09/-Public-Notices/FINAL_SENIORITY_LIST_OF_CLASS_4_EMPLOYEES_DT_06_09_2024_compressed_(1).pdf,Nagpur Municipal Corporation,municipal,FINAL_SENIORITY_LIST_OF_CLASS_4_EMPLOYEES_DT_06_09_2024_compressed_(1).pdf,15422242,2026-08-11T08:36:03+00:00,SCAN,96,0,0,,,0,0,0,0.0,0,iLovePDF,
f5e9a4dda598d14060df67c92190391711f82359b998af1a4a954643fafe4cf7,https://nmcnagpur.gov.in/assets/300/2025/10/-Public-Notices/Adobe_Scan_30_Oct_2025_(1).pdf,Nagpur Municipal Corporation,municipal,Adobe_Scan_30_Oct_2025_(1).pdf,202112,2026-08-11T08:36:08+00:00,CLEAN,1,1,1,,,64,0,0,0.0,0,Adobe Scan for Android 25.09.18-google-dynamic,Adobe Scan for Android 25.09.18-google-dynamic
69f77d976c9fb57c2730d55ecd9c548b2ebbc58e8194be4a5b75c2726f718d13,https://nmcnagpur.gov.in/assets/300/2023/05/-Public-Notices/LHI_(1).pdf,Nagpur Municipal Corporation,municipal,LHI_(1).pdf,1466772,2026-08-11T08:36:24+00:00,SCAN,4,0,0,,,0,0,0,0.0,0,intsig.com pdf producer,
b737ed35381902ccdfb8c08cc0bae83b928b0173ebc1e306ec9e12497210ea42,https://nmcnagpur.gov.in/assets/300/2026/06/mediafiles/6a1e8ffd2d46d_codeofconductnotification.pdf,Nagpur Municipal Corporation,municipal,6a1e8ffd2d46d_codeofconductnotification.pdf,1533824,2026-08-11T08:36:55+00:00,SCAN,4,0,0,,,0,0,0,0.0,0,Adobe Scan for iOS 26.04.17,Adobe Scan for iOS 26.04.17
0b49efd53856206c994c68a1e7ce66a171d9d863e061697689a5aaf4803bb40f,https://nmcnagpur.gov.in/assets/300/2026/06/mediafiles/6a3e7e8fa9352_datamanagerfinal.pdf,Nagpur Municipal Corporation,municipal,6a3e7e8fa9352_datamanagerfinal.pdf,461981,2026-08-11T08:36:57+00:00,CLEAN,1,7,6,,,2020,0,0,0.0,0,Adobe Scan for iOS 26.06.18,Adobe Scan for iOS 26.06.18
6051d11a375c5f5560d8c13cb3c8257d84d5607036004545e37e0bbbaa8b0727,https://nmcnagpur.gov.in/assets/300/2025/11/mediafiles/Adobe_Scan_20__Nov_2025_(2).pdf,Nagpur Municipal Corporation,municipal,Adobe_Scan_20__Nov_2025_(2).pdf,501730,2026-08-11T08:37:10+00:00,CLEAN,2,12,11,,,2025,0,0,0.0,0,Adobe Scan for iOS 25.10.21,Adobe Scan for iOS 25.10.21
9600bb6a39c3c96b16b1e276be8a7c2eeff7b93fb8fb7ea141c15e87752dde71,https://nmcnagpur.gov.in/assets/300/2026/06/mediafiles/6a3e7eae15684_Accountantfinal.pdf,Nagpur Municipal Corporation,municipal,6a3e7eae15684_Accountantfinal.pdf,1567978,2026-08-11T08:37:13+00:00,SCAN,6,0,0,,,0,0,0,0.0,0,iLovePDF,Acrobat 5.0 Scan Plug-in for Windows
5601453ad776d90e558a10bfc5c86e3587cf1af8566a748bbb550513ac5ffc80,https://nmcnagpur.gov.in/assets/300/2026/02/mediafiles/Tax_collector_Adv399_PR_22_08_25_Pro_SL_WL.pdf,Nagpur Municipal Corporation,municipal,Tax_collector_Adv399_PR_22_08_25_Pro_SL_WL.pdf,4203890,2026-08-11T08:37:23+00:00,SCAN,8,0,0,,,0,0,0,0.0,0,Adobe Scan for iOS 26.02.18,Adobe Scan for iOS 26.02.18
c4ec75b6960e6e4c570d9584fb225ae20beecb5e631f171b0fa38b2f8f8f805e,https://nmcnagpur.gov.in/assets/300/2025/07/-Public-Notices/New_Doc_07-09-2025_17_27.pdf,Nagpur Municipal Corporation,municipal,New_Doc_07-09-2025_17_27.pdf,286124,2026-08-11T08:37:25+00:00,SCAN,1,0,0,,,0,0,0,0.0,0,intsig.com pdf producer,
e71cc2229b830f91e7a17da9bbe4c75971583d8422e7e6b24f729deb4e70da99,https://nmcnagpur.gov.in/assets/300/2026/05/-Public-Notices/InterviewMarklist.pdf,Nagpur Municipal Corporation,municipal,InterviewMarklist.pdf,228155,2026-08-11T08:37:44+00:00,SCAN,1,0,0,,,0,0,0,0.0,0,intsig.com pdf producer,
bbc9b9d13ba7d12a360e1a7acd84d7fe0ad82f5222bee92de44fb39e3bc49b6c,https://nmcnagpur.gov.in/assets/300/2026/06/mediafiles/6a3f4c775c569_suchnapatra9u.pdf,Nagpur Municipal Corporation,municipal,6a3f4c775c569_suchnapatra9u.pdf,298153,2026-08-11T08:37:54+00:00,CLEAN,1,7,6,,,953,0,0,0.0,0,Adobe Scan for iOS 26.06.18,Adobe Scan for iOS 26.06.18
7fffd68f8ae4c086d41fdb5150301c75498d2438ea992d87aec7d8eac57c6c09,https://nmcnagpur.gov.in/assets/300/2025/12/mediafiles/Library_Assistant_Scores_PDF.pdf,Nagpur Municipal Corporation,municipal,Library_Assistant_Scores_PDF.pdf,262248,2026-08-11T08:38:02+00:00,CLEAN,24,2,0,,,35812,0,0,0.0,0,Microsoft: Print To PDF,
945d44b00a37f7e365d59d348b1ba08989e5c6484670156b99ffc667b6254133,https://nmcnagpur.gov.in/assets/300/2024/12/Quotations/Quatation_No_19_Dharampeth_zone_02_NMC.pdf,Nagpur Municipal Corporation,municipal,Quatation_No_19_Dharampeth_zone_02_NMC.pdf,889814,2026-08-11T08:38:06+00:00,SCAN,2,0,0,,,0,0,0,0.0,0,intsig.com pdf producer,
9636ed73d8b1db6bbde6cf1be8fd07258d571f73c58156693e03d80987cb1998,https://nmcnagpur.gov.in/assets/300/2024/09/-Public-Notices/121212.pdf,Nagpur Municipal Corporation,municipal,121212.pdf,185121,2026-08-11T08:38:07+00:00,CLEAN,3,1,1,,,3773,0,0,0.0,0, ,Canon 
0b550151adaac1baab7b66012b498df0430e0852d6b8d0403532402d16d61d7c,https://nmcnagpur.gov.in/assets/300/2026/02/mediafiles/law_assistant_Adv399_PR_22_08_25_Pro_SL_WL.pdf,Nagpur Municipal Corporation,municipal,law_assistant_Adv399_PR_22_08_25_Pro_SL_WL.pdf,771037,2026-08-11T08:38:09+00:00,CLEAN,2,11,9,,,2836,0,0,0.0,0,Adobe Scan for iOS 26.02.18,Adobe Scan for iOS 26.02.18
bdd8e6b35980a91aa3dd5f512ee2c59f52d3641647d64f7db04147c8a86afe67,https://nmcnagpur.gov.in/assets/300/2025/09/mediafiles/corrigendum_order_Regarding_Adv_399_PR_dt_22_08_2025.pdf,Nagpur Municipal Corporation,municipal,corrigendum_order_Regarding_Adv_399_PR_dt_22_08_2025.pdf,764195,2026-08-11T08:38:11+00:00,CLEAN,2,12,10,,,2019,0,0,0.0,0,Adobe Scan for iOS 25.08.19,Adobe Scan for iOS 25.08.19
6d2a484595d4587cdf1c73e04beeaf02dc045a621f8b67ad76d3e6e5ea99cbad,https://nmc.gov.in/assets/admin/upload/download/ilovepdf_merged-1.pdf,Nashik Municipal Corporation,municipal,ilovepdf_merged-1.pdf,1015036,2026-08-10T16:07:51+00:00,SUSPECT,14,9,5,,,28082,10174,441,43.35,86,iLovePDF,
c59adf90b6fabd548277ccae16cf0ea664443e8b9ab49468f737361d7b0bda3d,https://nmc.gov.in/assets/admin/upload/download/scholaship_4th_and_7th_STD.pdf,Nashik Municipal Corporation,municipal,scholaship_4th_and_7th_STD.pdf,728888,2026-08-10T16:07:52+00:00,CLEAN,1,5,0,,,95,0,0,0.0,0,Microsoft: Print To PDF,
cc8c4911123dc2fc870320b4c74c2f2dc41e0245c9552e6d5f66d04f127acb31,https://nmc.gov.in/assets/admin/upload/download/NMMS2.pdf,Nashik Municipal Corporation,municipal,NMMS2.pdf,689508,2026-08-10T16:07:54+00:00,CLEAN,1,5,0,,,97,0,0,0.0,0,Microsoft: Print To PDF,
5e2f9224b8cf0602f1d1e77965ccfbb29d17f0b56b916882baf54b30e255d964,https://nmc.gov.in/assets/admin/upload/download/नामनिर्देशन_अर्ज_व_शासन_पत्र_30_07_2026.pdf,Nashik Municipal Corporation,municipal,नामनिर्देशन_अर्ज_व_शासन_पत्र_30_07_2026.pdf,4745730,2026-08-10T16:07:57+00:00,LEGACY,59,17,3,"DV-TTSurekh;DV-TTSurekh,Bold;DVOT-SurekhMR",,74717,3029,216,71.31,90,iLovePDF,
dd95cd9852de0b18ce133ce3105445395c71743de28a41afa7e2ac23297f971b,https://nmc.gov.in/assets/admin/upload/download/new.pdf,Nashik Municipal Corporation,municipal,new.pdf,2111316,2026-08-10T16:07:58+00:00,LEGACY,9,9,6,Kiran,,36374,13596,116,8.53,32,Pdftools SDK,
980d75563fbc20887ad88e6168e30b78799619143cf74c8da9f39b2f3af71206,https://nmc.gov.in/assets/admin/upload/download/news.pdf,Nashik Municipal Corporation,municipal,news.pdf,231138,2026-08-10T16:08:00+00:00,CLEAN,1,2,0,,,588,411,4,9.73,0,Microsoft: Print To PDF,
7b7d35065030290987becf9b05e415b41dcd8c1a252f096988a616f852278ed4,https://nmc.gov.in/assets/admin/upload/download/add_notice.pdf,Nashik Municipal Corporation,municipal,add_notice.pdf,105995,2026-08-10T16:08:02+00:00,LEGACY,4,4,2,DVOTSurekhMRBold;DVOTSurekhMRNormal,,5642,2921,126,43.14,29,doPDF Ver 7.3 Build 382 (Windows 7 Business Edition (SP 1) -,
78d0ba5e0c4e31982b17a9aa303e971cb95931660dd52b8003c008d535862b45,https://nmc.gov.in/assets/admin/upload/download/नामनिर्देशन_अर्ज_व_शासन_पत्र_17_07_2026.pdf,Nashik Municipal Corporation,municipal,नामनिर्देशन_अर्ज_व_शासन_पत्र_17_07_2026.pdf,3930806,2026-08-10T16:08:05+00:00,LEGACY,59,31,12,"DV-TTSurekh;DV-TTSurekh,Bold;DVOT-SurekhMR;DVOTSurekhBold;DVOTSurekhMRBold;DVOTSurekhMRNormal;DVOTSurekhNormal",,78392,5196,251,48.31,101,iLovePDF,
515e9b5b5e1d01abfeb984d37d80321b4b497e9713134d1e7eba01796e318497,https://nmc.gov.in/assets/admin/upload/download/DOC-20260716-WA0020.pdf,Nashik Municipal Corporation,municipal,DOC-20260716-WA0020.pdf,72720,2026-08-10T16:08:06+00:00,LEGACY,3,4,2,DVOTSurekhMRBold;DVOTSurekhMRNormal,,4401,2519,95,37.71,8,doPDF Ver 7.3 Build 382 (Windows 7 Business Edition (SP 1) -,
86d8c78f697e57894fc2b5f870e9c671ac8bc15d057ab4262c8655f1b4c02814,https://nmc.gov.in/assets/admin/upload/download/विद्युत_विभाग_जाहीर_प्रकटन-_2026_.pdf,Nashik Municipal Corporation,municipal,विद्युत_विभाग_जाहीर_प्रकटन-_2026_.pdf,33387,2026-08-10T16:08:08+00:00,LEGACY,1,4,2,DVOTSurekhMRBold;DVOTSurekhMRNormal,,1444,987,51,51.67,18,doPDF Ver 7.3 Build 382 (Windows 7 Business Edition (SP 1) -,
5d2e94d146b84869ba669d7f181d4c9bb94931e9cf3dddf790ccb4349a7b4041,https://nmc.gov.in/assets/admin/upload/quotation/medical_3_ac_3_11.pdf,Nashik Municipal Corporation,municipal,medical_3_ac_3_11.pdf,988534,2026-08-10T17:00:47+00:00,CLEAN,4,9,0,,,6971,14,0,0.0,0,Microsoft: Print To PDF,
a1e12631a5548e7c9e45528faa9e3ff3c0a0d27c19bd8be0c2d5000ec6015eb2,https://nmc.gov.in/assets/admin/upload/quotation/54680_LabourWelfare.pdf,Nashik Municipal Corporation,municipal,54680_LabourWelfare.pdf,201822,2026-08-10T17:00:48+00:00,SUSPECT,3,3,0,,,5517,3363,83,24.68,20,Adobe PDF Library 9.0,Acrobat PDFMaker 9.0 for Word
dfa9b5e29ac0c4ffda54fe896c59ba16813428a94c0db9f600b61952973b3e5e,https://nmc.gov.in/assets/admin/upload/quotation/सातपुर_बांधकाम1.pdf,Nashik Municipal Corporation,municipal,सातपुर_बांधकाम1.pdf,184495,2026-08-10T17:01:09+00:00,SCAN,1,0,0,,,0,0,0,0.0,0,Microsoft: Print To PDF,
918e1f857741c21ef8f3d744302c7ae5bf4dd99ce51ea62f1ee19bc4cebf928d,https://nmc.gov.in/assets/admin/upload/quotation/Panch_WSD.pdf,Nashik Municipal Corporation,municipal,Panch_WSD.pdf,473264,2026-08-10T17:01:27+00:00,CLEAN,1,7,0,,,721,0,0,0.0,0,Microsoft: Print To PDF,
408faf7e1a86a9dadbe44c1f5cda7be574e200d15d43d54851a40901b71a615e,https://nmc.gov.in/assets/admin/upload/quotation/Medical_Panch_2.pdf,Nashik Municipal Corporation,municipal,Medical_Panch_2.pdf,806948,2026-08-10T17:01:31+00:00,CLEAN,6,8,0,,,8652,0,0,0.0,0,Microsoft: Print To PDF,
12d44ff7d8b8cec1999ab9d5a2dd13eb080df922870898cb78b059db94548d3f,https://nmc.gov.in/assets/admin/upload/quotation/Unicef_Quataion_No__14.pdf,Nashik Municipal Corporation,municipal,Unicef_Quataion_No__14.pdf,98845,2026-08-10T17:01:35+00:00,LEGACY,2,6,1,DVTTDhruvBold;DVTTDhruvNormal,,3374,0,0,0.0,0,Adobe PDF Library 9.0,Acrobat PDFMaker 9.0 for Word
2a10e935d1278c0927eb5a6757cd5dd72cfdf6ad8003c78034131cf50e56eb42,https://nmc.gov.in/assets/admin/upload/quotation/PWD_EAST5.pdf,Nashik Municipal Corporation,municipal,PWD_EAST5.pdf,260368,2026-08-10T17:01:40+00:00,CLEAN,2,6,0,,,4602,0,0,0.0,0,Microsoft: Print To PDF,
3e28c3ba034d46adff3ed8b9daac5b975d1f233604201900856a94cfbc8456df,https://nmc.gov.in/assets/admin/upload/quotation/medical_1_02_06_09_06.pdf,Nashik Municipal Corporation,municipal,medical_1_02_06_09_06.pdf,661536,2026-08-10T17:01:42+00:00,CLEAN,3,7,0,,,4436,986,2,2.03,0,Microsoft: Print To PDF,
5bf7cc28d3b852771dcde3921a46cde2c1e43df0275e59874ad5ccb6c046643e,https://nmc.gov.in/assets/admin/upload/quotation/Kotaion.pdf,Nashik Municipal Corporation,municipal,Kotaion.pdf,63123,2026-08-10T17:01:48+00:00,LEGACY,1,6,1,SakalMarathi-Normal,,1753,642,29,45.17,13,Adobe PDF Library 9.0,Acrobat PDFMaker 9.0 for Word
6a75ee2a615e1aa411c6932fb24894c99cf0553b1949024c3121ff8d5f139bd5,https://nmc.gov.in/assets/admin/upload/quotation/ELEC_1.pdf,Nashik Municipal Corporation,municipal,ELEC_1.pdf,914966,2026-08-10T17:01:54+00:00,CLEAN,10,11,0,,,25785,35,1,0.0,1,Microsoft: Print To PDF,
5916f5782750fece3ea3af44537ff387d2749734add806622b6a129816866325,https://nmc.gov.in/assets/admin/upload/quotation/7.pdf,Nashik Municipal Corporation,municipal,7.pdf,261763,2026-08-10T17:01:55+00:00,CLEAN,1,6,0,,,1110,8,2,0.0,0,Microsoft: Print To PDF,
23e6f54a581409d4ceb9ace12a7306c0a66770fcac893f0b097c7ff302e5e0e6,https://nmc.gov.in/assets/admin/upload/quotation/Notice_No__20_dt.pdf,Nashik Municipal Corporation,municipal,Notice_No__20_dt.pdf,15590,2026-08-10T17:02:00+00:00,LEGACY,2,5,5,DVTTSurekhBold;DVTTSurekhNormal,,2620,0,0,0.0,0,doPDF Ver 7.3 Build 382 (Windows 7 Business Edition (SP 1) -,
2af4380767d3b14c02b7de676119e0ba2d457096c79ea7eca59f16bfae492bed,https://nmc.gov.in/assets/admin/upload/quotation/25609_-15-6-16.pdf,Nashik Municipal Corporation,municipal,25609_-15-6-16.pdf,160263,2026-08-10T17:02:24+00:00,LEGACY,1,5,1,DVTTDhruvNormal,,500,315,27,85.71,6,Adobe PDF Library 9.0,Acrobat PDFMaker 9.0 for Word
5e2a4ba2a3d85c304c257b633f881a29180e63de1f3ae09353044e1c70a8943e,https://nmc.gov.in/assets/admin/upload/quotation/PWD_WEST2.pdf,Nashik Municipal Corporation,municipal,PWD_WEST2.pdf,101540,2026-08-10T17:02:40+00:00,CLEAN,1,4,0,,,1219,0,0,0.0,0,Microsoft: Print To PDF,
6fed8e313c54fafd965da9820e92d941cfd35a1f4e856354740b7d8f09e020a1,https://nmc.gov.in/assets/admin/upload/quotation/संकेतस्थळावर_कोटेशन_प्रसिद्ध_करणे__बांधकाम___2_.pdf,Nashik Municipal Corporation,municipal,संकेतस्थळावर_कोटेशन_प्रसिद्ध_करणे__बांधकाम___2_.pdf,55135,2026-08-10T17:02:51+00:00,LEGACY,1,10,6,DVOTSurekhMRBold;DVOTSurekhMRNormal;DVOTYogeshMRBold;DVOTYogeshMRNormal;DVTTSurekhNormal,,1068,715,37,51.75,16,doPDF Ver 7.3 Build 382 (Windows 7 Business Edition (SP 1) -,
2a551a1c88685aa3104d1575124806a89da318abdd88ffb64a71af9179deffc8,https://nmc.gov.in/assets/admin/upload/quotation/13527_DrainageNAsikEast.pdf,Nashik Municipal Corporation,municipal,13527_DrainageNAsikEast.pdf,43907,2026-08-10T17:02:52+00:00,UNCLASSIFIED,1,5,3,,TT2F3t00,976,29,0,0.0,0,EXP Systems LLC (www.exp-systems.com),PDF reDirect v2
847b6dfe6eb3ec7ae514eba05bc1a2c56cd8c6cb7d4dd973b65a228317f7a640,https://nmc.gov.in/assets/admin/upload/quotation/PWD___SATPUR6.pdf,Nashik Municipal Corporation,municipal,PWD___SATPUR6.pdf,450629,2026-08-10T17:03:02+00:00,SUSPECT,1,5,0,,,807,579,34,58.72,11,Microsoft: Print To PDF,
3a4089d8d77de97b3ab691ccd315730d220a45223877f4c6d19fd158a746e4e9,https://nmc.gov.in/assets/admin/upload/quotation/22524_Quatation.pdf,Nashik Municipal Corporation,municipal,22524_Quatation.pdf,78515,2026-08-10T17:03:03+00:00,LEGACY,1,7,2,DVTTDhruvBold;DVTTDhruvNormal,,1283,0,0,0.0,0,Adobe PDF Library 9.0,Acrobat PDFMaker 9.0 for Word
91e349263090ac2faac2433aef20019d8cb0c19e725dd4467b809b94a055d74d,https://nmc.gov.in/assets/admin/upload/quotation/PWD_NSKRD4.pdf,Nashik Municipal Corporation,municipal,PWD_NSKRD4.pdf,346484,2026-08-10T17:03:05+00:00,SCAN,1,1,0,,,4,0,0,0.0,0,Microsoft: Print To PDF,
752523d907a7f34e966474ad423f531693b121cce5aac3afd608dffe9616f71f,https://nmc.gov.in/assets/admin/upload/quotation/52.pdf,Nashik Municipal Corporation,municipal,52.pdf,673556,2026-08-10T17:03:36+00:00,CLEAN,3,6,0,,,7358,0,0,0.0,0,Microsoft: Print To PDF,
13c1343bb19fe87414ca872b3d98d76f20b408444ff81f6a0e68089d021f64be,https://nmc.gov.in/assets/admin/upload/quotation/61016_QuotationNoticeVehicle.pdf,Nashik Municipal Corporation,municipal,61016_QuotationNoticeVehicle.pdf,413719,2026-08-10T17:03:39+00:00,SUSPECT,1,6,0,,,976,407,33,81.08,12,Microsoft: Print To PDF,
17ca963d7dd3f45195746328523a4058257a0542bc9a6a1fc88d0d8e034a4d6d,https://nmc.gov.in/assets/admin/upload/quotation/PWD_E-Qutetion-_01_(20_03_2026).pdf,Nashik Municipal Corporation,municipal,PWD_E-Qutetion-_01_(20_03_2026).pdf,343374,2026-08-10T17:03:41+00:00,LEGACY,1,6,4,"DVOT-SurekhMR;DVOT-SurekhMR,Bold",,950,583,22,37.74,3,Microsoft® Office Word 2007,Microsoft® Office Word 2007
16f5d406f23e60b040c2de1ef38afcbb92d535488f31240de9d3f748d8c9997e,https://nmc.gov.in/assets/admin/upload/quotation/14-01-2022_E-_Quatation_44.pdf,Nashik Municipal Corporation,municipal,14-01-2022_E-_Quatation_44.pdf,94855,2026-08-10T17:03:56+00:00,LEGACY,6,11,7,DVTTDhruvBold;DVTTDhruvNormal,,18228,0,0,0.0,0,Adobe PDF Library 9.0,Acrobat PDFMaker 9.0 for Word
7ff3e40869004656142cf029c8b1e68a57f6aef93563ef5051aa95a4e7a240d1,https://nmc.gov.in/assets/admin/upload/quotation/58062_E-Kotetion13-8-2021.pdf,Nashik Municipal Corporation,municipal,58062_E-Kotetion13-8-2021.pdf,60718,2026-08-10T17:03:58+00:00,LEGACY,1,6,1,DVTTDhruvBold;DVTTDhruvNormal,,1904,0,0,0.0,0,Adobe PDF Library 9.0,Acrobat PDFMaker 9.0 for Word
441d3a34ec1f8084e47365a31eb6077bf750e36a5d281f5331607a00df0630dc,https://nmc.gov.in/assets/admin/upload/quotation/pwd_सातपूर1.pdf,Nashik Municipal Corporation,municipal,pwd_सातपूर1.pdf,368616,2026-08-10T17:04:00+00:00,SCAN,1,0,0,,,0,0,0,0.0,0,Microsoft: Print To PDF,
762a64d4e97166bc40513ba0e882053e6e0d893cfaca44313662da138b000f6c,https://nmc.gov.in/assets/admin/upload/quotation/equotation_2.pdf,Nashik Municipal Corporation,municipal,equotation_2.pdf,58261,2026-08-10T17:04:53+00:00,LEGACY,1,7,1,DVBTTYogeshNormal;DVTTDhruvBold;DVTTDhruvNormal,,959,0,0,0.0,0,Adobe PDF Library 9.0,Acrobat PDFMaker 9.0 for Word
615e68e185268bcbf536f49f2cc0297624fb6bac74386c5319f9a0c3ebbb6fc3,https://nmc.gov.in/assets/admin/upload/quotation/36033_PanchvatiQuotation.pdf,Nashik Municipal Corporation,municipal,36033_PanchvatiQuotation.pdf,12072,2026-08-10T17:05:04+00:00,LEGACY,1,6,6,DVTTDhruvBold;DVTTDhruvNormal,,605,0,0,0.0,0,doPDF Ver 7.3 Build 382 (unknown Windows version - Version: ,
4c5c52934f602dfb0b768fd57b716d39ef389f66b75caed88bc679abb2e62556,https://nmc.gov.in/assets/admin/upload/quotation/Quatation_-_2.pdf,Nashik Municipal Corporation,municipal,Quatation_-_2.pdf,74499,2026-08-10T17:05:16+00:00,LEGACY,2,11,3,DVBTTDhruvNormal;DVTTDhruvBold;DVTTDhruvNormal,,1365,46,0,0.0,0,Adobe PDF Library 9.0,Acrobat PDFMaker 9.0 for Word
99d748da69a808ebddca81436a3f48d5275b73ca930f0348e605dcefa7db91ea,https://nmc.gov.in/assets/admin/upload/quotation/PWD_WEST_06_12.pdf,Nashik Municipal Corporation,municipal,PWD_WEST_06_12.pdf,108225,2026-08-10T17:05:22+00:00,CLEAN,2,4,0,,,4323,0,0,0.0,0,Microsoft: Print To PDF,
b740d05422b4ff6d73ab48943615f1c3d2751e6421b01714c8708132713efeca,https://nmc.gov.in/assets/admin/upload/quotation/13773_PWDPanchvati.pdf,Nashik Municipal Corporation,municipal,13773_PWDPanchvati.pdf,223206,2026-08-10T17:05:47+00:00,CLEAN,6,6,0,,,6548,0,0,0.0,0,Microsoft: Print To PDF,
5ddd5ae4f25b2d40ace49dcb18b29b9498973f4145be1af0f590ffd1422b67a9,https://nmc.gov.in/assets/admin/upload/quotation/201.pdf,Nashik Municipal Corporation,municipal,201.pdf,888597,2026-08-10T17:05:50+00:00,CLEAN,7,12,0,,,19108,36,1,0.0,1,Microsoft: Print To PDF,
4fe3236eab10f08e621894e01d0894c7f4713b1d7c1cc6cd257ebdc74f2aef78,https://nmc.gov.in/assets/admin/upload/quotation/94729_PWDSatpur.pdf,Nashik Municipal Corporation,municipal,94729_PWDSatpur.pdf,139700,2026-08-10T17:05:52+00:00,CLEAN,2,3,0,,,1809,0,0,0.0,0,Microsoft: Print To PDF,
80d6a8d4ca400294ae4c86def2881d7e051f7d220968900e4f519721bd6aba9f,https://nmc.gov.in/assets/admin/upload/quotation/66626_PWDSatpur.pdf,Nashik Municipal Corporation,municipal,66626_PWDSatpur.pdf,55705,2026-08-10T17:05:54+00:00,LEGACY,2,5,0,DVTTDhruvBold;DVTTDhruvNormal,,1821,0,0,0.0,0,Adobe PDF Library 9.0,Acrobat PDFMaker 9.0 for Word
03102c3b8f369f102044989d6be98d3e351da38a60434956c4de2cf8cc9e96e3,https://nmc.gov.in/assets/admin/upload/quotation/36880_1)PWDE-Quatation-4(07.07.2021).pdf,Nashik Municipal Corporation,municipal,36880_1)PWDE-Quatation-4(07.07.2021).pdf,40270,2026-08-10T17:06:01+00:00,LEGACY,1,4,0,DVOTSurekhMRBold;DVOTSurekhMRNormal,,1069,589,31,52.63,15,Adobe PDF Library 9.0,Acrobat PDFMaker 9.0 for Word
3e19e8f67b87ba0355d97f2b9cd1f871cff6bb9506fbf256715eebc6d022e1c5,https://nmc.gov.in/assets/admin/upload/quotation/69295_NewNashikE-quotation-1.pdf,Nashik Municipal Corporation,municipal,69295_NewNashikE-quotation-1.pdf,92781,2026-08-10T17:06:08+00:00,LEGACY,3,3,0,DVTTDhruvNormal,,4632,0,0,0.0,0,vspdflib (www.visagesoft.com),vspdflib (www.visagesoft.com)
fb535228691fe409e64f83a43d8e046a759027e820d37eda771eeca0e41e7187,https://nmc.gov.in/assets/admin/upload/quotation/4259_1_PWDE-Quatation-17_12_2016_.pdf,Nashik Municipal Corporation,municipal,4259_1_PWDE-Quatation-17_12_2016_.pdf,25283,2026-08-10T17:06:25+00:00,LEGACY,1,3,2,,TT2F1t00;TT2F3t00,815,0,0,0.0,0,EXP Systems LLC (www.exp-systems.com),PDF reDirect v2
2758d979027cfdb993a7cc03170419dd3930cce6a2bbb40a212b88c094a0d6e0,https://nmc.gov.in/assets/admin/upload/quotation/PWD_CIDCO6.pdf,Nashik Municipal Corporation,municipal,PWD_CIDCO6.pdf,167543,2026-08-10T17:06:26+00:00,CLEAN,1,4,0,,,2578,0,0,0.0,0,Microsoft: Print To PDF,
8d6f59cb5e3cbcbb0f5f9861c78d5be6bf3f7d71430616bc7a9d559e14cb1b3f,https://nmc.gov.in/assets/admin/upload/quotation/12546_कोटेशननोटीसPno2105052021.pdf,Nashik Municipal Corporation,municipal,12546_कोटेशननोटीसPno2105052021.pdf,53771,2026-08-10T17:06:29+00:00,LEGACY,1,5,0,DVTTDhruvBold;DVTTDhruvNormal,,1048,0,0,0.0,0,Adobe PDF Library 9.0,Acrobat PDFMaker 9.0 for Word
624a6e189b35293b989c1c2526e622e8e271c95a25b789ef894bae9fc3dbeade,https://nmc.gov.in/assets/admin/upload/quotation/61519_1)PWDE-Quatation-Shinkar3(16.01.2018)-Copy.pdf,Nashik Municipal Corporation,municipal,61519_1)PWDE-Quatation-Shinkar3(16.01.2018)-Copy.pdf,48915,2026-08-10T17:06:42+00:00,LEGACY,1,3,0,DVTTDhruvNormal,,1437,0,0,0.0,0,Adobe PDF Library 9.0,Acrobat PDFMaker 9.0 for Word
708cefe3fbab1f1327607a9ad94c6ed9e91a05c07b5d4a5191f22f2aec12b9e4,https://nmc.gov.in/assets/admin/upload/quotation/PWD_NSKRD21.pdf,Nashik Municipal Corporation,municipal,PWD_NSKRD21.pdf,336476,2026-08-10T17:06:44+00:00,SCAN,1,1,0,,,2,0,0,0.0,0,Microsoft: Print To PDF,
06e8ff551b3724acec825f2908a95a84f1ea14694e15a4c52bc0b02024804b2d,https://nmc.gov.in/assets/admin/upload/download/16_Request for new connection ws.pdf,Nashik Municipal Corporation,municipal,16_Request for new connection ws.pdf,681131,2026-08-10T17:06:55+00:00,SCAN,4,0,0,,,0,0,0,0.0,0,Adobe Acrobat 9.0 Image Conversion Plug-in,Adobe Acrobat 9.0
4d4ff5cec738cb3d113a0d950baac6fc54d736a08bb1b15d7bb662139b881102,https://nmc.gov.in/assets/admin/upload/quotation/53419_PWDE-Quatation-2.pdf,Nashik Municipal Corporation,municipal,53419_PWDE-Quatation-2.pdf,22765,2026-08-10T17:06:56+00:00,CLEAN,1,2,0,,,746,5,0,0.0,0,EXP Systems LLC (www.exp-systems.com),PDF reDirect Pro v2
5062ebfd0becf3a5acb615a432faee9c5ee73e47ca8228d2d40d7dc7c8d218f6,https://nmc.gov.in/assets/admin/upload/quotation/24745_pwd.pdf,Nashik Municipal Corporation,municipal,24745_pwd.pdf,53415,2026-08-10T17:08:21+00:00,LEGACY,1,5,1,DVBTTYogeshBold;DVTTDhruvNormal,,740,0,0,0.0,0,Adobe PDF Library 9.0,Acrobat PDFMaker 9.0 for Word
84eeddbfcdbc85c57735fd3b47a07c7bf62f6bf10f5ea1eb7e612997e6d0f3e2,https://nmc.gov.in/assets/admin/upload/quotation/Qoutation_-2025.pdf,Nashik Municipal Corporation,municipal,Qoutation_-2025.pdf,45151,2026-08-10T17:08:39+00:00,LEGACY,1,6,4,DVOTSurekhMRBold;DVOTSurekhMRNormal,,1569,928,42,45.26,25,doPDF Ver 7.3 Build 382 (Windows 7 Business Edition (SP 1) -,
1ee8bb8677042507fef02e436e117eb6aba8f923e76e88bb0c2a49addef42ae4,https://nmc.gov.in/assets/admin/upload/quotation/Shinkar_mama_28_3_2023.pdf,Nashik Municipal Corporation,municipal,Shinkar_mama_28_3_2023.pdf,259659,2026-08-10T17:08:48+00:00,LEGACY,1,5,3,"DVOT-SurekhMR;DVOT-SurekhMR,Bold",,1469,631,7,11.09,2,Microsoft® Word 2013,Microsoft® Word 2013
bf5a7b5fa2f5942a8d58a9f84917ccfc3311a94e9a6455326abfcb86ccb9bfc4,https://nmc.gov.in/assets/admin/upload/quotation/PWD_Nashik_Road.pdf,Nashik Municipal Corporation,municipal,PWD_Nashik_Road.pdf,245168,2026-08-10T17:08:54+00:00,SCAN,1,0,0,,,0,0,0,0.0,0,Microsoft: Print To PDF,
c8096de8a23d4d6a8ba9158075e6e441ebd093ccfe2652ff3397d7bf6b6670d1,https://nmc.gov.in/assets/admin/upload/quotation/WSD_SAT_1.pdf,Nashik Municipal Corporation,municipal,WSD_SAT_1.pdf,233903,2026-08-10T17:09:08+00:00,SCAN,1,0,0,,,0,0,0,0.0,0,Microsoft: Print To PDF,
1d5aee634847ed0ce9ba9f5f39182ba022bdb2d1d20935e63936550f6cf7a6a4,https://nmc.gov.in/assets/admin/upload/quotation/68353_ELEctrical.pdf,Nashik Municipal Corporation,municipal,68353_ELEctrical.pdf,66443,2026-08-10T17:09:09+00:00,LEGACY,4,5,2,DVTTDhruvNormal,,3930,0,0,0.0,0,Adobe PDF Library 9.0,Acrobat PDFMaker 9.0 for Word
6b1300f98dcdb7b109988e6fe0e58b6d00e632cdffcc0b3b3a5345d2148b3769,https://nmc.gov.in/assets/admin/upload/quotation/Panchavati_PWD.pdf,Nashik Municipal Corporation,municipal,Panchavati_PWD.pdf,219075,2026-08-10T17:09:12+00:00,CLEAN,1,5,0,,,637,0,0,0.0,0,Microsoft: Print To PDF,
9e1a58d21f93d8418c36cdba5c789f605dad1bf225511f70bd7732499f2aba6c,https://nmc.gov.in/assets/admin/upload/quotation/Pwd_West_4_9.pdf,Nashik Municipal Corporation,municipal,Pwd_West_4_9.pdf,104170,2026-08-10T17:09:14+00:00,CLEAN,1,4,0,,,1872,0,0,0.0,0,Microsoft: Print To PDF,
63a12e0d0ec8bd5d53b0935c4b51a388a2ddd85089b73fb2a3c571a86654069f,https://nmc.gov.in/assets/admin/upload/quotation/55779_1)PWDSATPUR-E-quo3(8.8.16).pdf,Nashik Municipal Corporation,municipal,55779_1)PWDSATPUR-E-quo3(8.8.16).pdf,89190,2026-08-10T17:09:16+00:00,LEGACY,6,9,1,DVBTTDhruvNormal;DVBTTShridharBold;DVBTTShridharNormal;DVTTDhruvBold;DVTTDhruvNormal,,5204,0,0,0.0,0,Adobe PDF Library 9.0,Acrobat PDFMaker 9.0 for Word
89741b818a4e6bc8828e321cf6d85f240340ebadf13245c253492f20b3b86025,https://nmc.gov.in/assets/admin/upload/quotation/Notice_No_1_Nsk_Rd.pdf,Nashik Municipal Corporation,municipal,Notice_No_1_Nsk_Rd.pdf,722184,2026-08-10T17:09:34+00:00,SUSPECT,2,9,0,,,2203,122,6,49.18,0,Microsoft: Print To PDF,
858f45f2ca1a332c524c07b70bdb5aa69bff1ca738bf68f5bd049278efdc032d,https://nmc.gov.in/assets/admin/upload/quotation/wsd_Satpur.pdf,Nashik Municipal Corporation,municipal,wsd_Satpur.pdf,333414,2026-08-10T17:09:35+00:00,SCAN,1,1,0,,,2,0,0,0.0,0,Microsoft: Print To PDF,
a2a9f2efd22db8308b957e44f7fe0f7beda5021f2042027207cdda24737c9ea0,https://nmc.gov.in/assets/admin/upload/quotation/16362_01_संकेतस्थळावरकोटेशनप्रसिद्धकरणेrnew2020-21.pdf,Nashik Municipal Corporation,municipal,16362_01_संकेतस्थळावरकोटेशनप्रसिद्धकरणेrnew2020-21.pdf,39208,2026-08-10T17:09:37+00:00,LEGACY,1,5,5,DVTTDhruvBold;DVTTDhruvNormal,,769,0,0,0.0,0,doPDF Ver 7.3 Build 382 (unknown Windows version - Version: ,
c4c69b1ae3ab648f9c887b740909d3890c1f60d3f84b08bc59f6059c1371a5c5,https://nmc.gov.in/assets/admin/upload/quotation/33105_PWDSatpur-2.pdf,Nashik Municipal Corporation,municipal,33105_PWDSatpur-2.pdf,71270,2026-08-10T17:09:39+00:00,LEGACY,1,5,0,DVTTDhruvBold;DVTTDhruvNormal,,1929,0,0,0.0,0,Adobe PDF Library 9.0,Acrobat PDFMaker 9.0 for Word
4d7eb67d8299f832a26302af25d45729ac856935659bf0cdce7c4e495f2d4e66,https://nmc.gov.in/assets/admin/upload/quotation/45157_OnlineGanpatidt.15-9-2021.pdf,Nashik Municipal Corporation,municipal,45157_OnlineGanpatidt.15-9-2021.pdf,76562,2026-08-10T17:09:54+00:00,LEGACY,2,8,3,DVTTSurekhBold;DVTTSurekhNormal,,3941,0,0,0.0,0,Adobe PDF Library 9.0,Acrobat PDFMaker 9.0 for Word
7a0f14dc2a9c2d70ce4c2d9875205f50cb6c143ef6c09a0e2f51528bb18666a2,https://nmc.gov.in/assets/admin/upload/quotation/e_quatation_WALL_PAINTING_1.pdf,Nashik Municipal Corporation,municipal,e_quatation_WALL_PAINTING_1.pdf,506615,2026-08-10T17:11:09+00:00,CLEAN,2,5,0,,,4212,0,0,0.0,0,Microsoft: Print To PDF,
2af39a827ead000eb8dcf2e025b5c21b3adbc746dca8ff0a52ec6a07afa06e22,https://nmc.gov.in/assets/admin/upload/quotation/PWD_WEST_09_19_12.pdf,Nashik Municipal Corporation,municipal,PWD_WEST_09_19_12.pdf,882379,2026-08-10T17:11:11+00:00,SCAN,1,2,0,,,8,0,0,0.0,0,Microsoft: Print To PDF,
3331a1075a9fb937e37ec7ff1448b3ad6a8a1d35ee1a21287168983c5172807f,https://nmc.gov.in/assets/admin/upload/quotation/MORWADI_17__03_22_03.pdf,Nashik Municipal Corporation,municipal,MORWADI_17__03_22_03.pdf,303976,2026-08-10T17:11:17+00:00,SUSPECT,3,4,0,,,2552,846,9,10.64,1,Skia/PDF m100,
d8809983a7012c60bb2dc74196fa0449529c0de01b776f4fb82826e4e45a83da,https://nmc.gov.in/assets/admin/upload/quotation/90685_1)WSDE-Quatation-5(07.05.2021).pdf,Nashik Municipal Corporation,municipal,90685_1)WSDE-Quatation-5(07.05.2021).pdf,42491,2026-08-10T17:12:12+00:00,LEGACY,1,4,0,DVOTSurekhMRBold;DVOTSurekhMRNormal,,1385,814,38,46.68,18,Adobe PDF Library 9.0,Acrobat PDFMaker 9.0 for Word
92bb8c645ff9e75c9695f4ca8b1fb138d9b32500ab9523f5d5a0ca8e52c2cb2b,https://nmc.gov.in/assets/admin/upload/quotation/60.pdf,Nashik Municipal Corporation,municipal,60.pdf,829643,2026-08-11T08:32:14+00:00,CLEAN,2,9,0,,,4570,0,0,0.0,0,Microsoft: Print To PDF,
2d3b9376e7ff9a9b1afae01567498799f9248b12b0cde9b0d60c1e51c37883e5,https://nmc.gov.in/assets/admin/upload/quotation/Cidco_1_Vacume.pdf,Nashik Municipal Corporation,municipal,Cidco_1_Vacume.pdf,612458,2026-08-11T08:32:17+00:00,CLEAN,3,8,0,,,4734,97,11,0.0,10,Microsoft: Print To PDF,
54e2aa2fa4c143161ba0a3b37940236a42470831a08578baef8007cfdceb4a18,https://nmc.gov.in/assets/admin/upload/quotation/E-_Quatation_RGB_8.pdf,Nashik Municipal Corporation,municipal,E-_Quatation_RGB_8.pdf,90147,2026-08-11T08:32:19+00:00,LEGACY,7,10,7,DVTTDhruvBold;DVTTDhruvNormal,,18687,0,0,0.0,0,Adobe PDF Library 9.0,Acrobat PDFMaker 9.0 for Word
5d26f3a581c31fa7f2310acf341105e02f05b2b51c9593cea7d6db5abdbf8dc5,https://nmc.gov.in/assets/admin/upload/quotation/equotation_satpur_bandhkaam_2.pdf,Nashik Municipal Corporation,municipal,equotation_satpur_bandhkaam_2.pdf,269427,2026-08-11T08:32:34+00:00,CLEAN,1,9,8,,,452,0,0,0.0,0,Adobe Scan for iOS 26.06.25,Adobe Scan for iOS 26.06.25
d0213ddcc2fbf3462d0339463292cac01b3d477a13920f9bacfea01beec77f39,https://nmc.gov.in/assets/admin/upload/quotation/PWD_SATPUR8.pdf,Nashik Municipal Corporation,municipal,PWD_SATPUR8.pdf,168271,2026-08-11T08:32:36+00:00,SCAN,1,0,0,,,0,0,0,0.0,0,Microsoft: Print To PDF,
208031d333e3929517e3ccea3c5edb7ad347930e308f53c71524b9f6e773aeb2,https://nmc.gov.in/assets/admin/upload/quotation/PWD_NSKRD_21.pdf,Nashik Municipal Corporation,municipal,PWD_NSKRD_21.pdf,308080,2026-08-11T08:32:43+00:00,CLEAN,1,4,0,,,1888,0,0,0.0,0,Microsoft: Print To PDF,
a3c88fa8db3e911416f9c5d584064e849ee8ebd7fb0dec7e1c28685073a7fcdb,https://nmc.gov.in/assets/admin/upload/quotation/sarv_band_vibhag_Q5_3_9_25.pdf,Nashik Municipal Corporation,municipal,sarv_band_vibhag_Q5_3_9_25.pdf,445759,2026-08-11T08:32:49+00:00,SCAN,1,1,0,,,2,0,0,0.0,0,Microsoft: Print To PDF,
6e24ac26f0fdcf250dcf663de80a3688f153b29b568fb3121cfb4fed05dde039,https://nmc.gov.in/assets/admin/upload/quotation/PWD_NSKRD.pdf,Nashik Municipal Corporation,municipal,PWD_NSKRD.pdf,262243,2026-08-11T08:33:09+00:00,CLEAN,1,4,0,,,868,0,0,0.0,0,Microsoft: Print To PDF,
2295d94d9e37b88f8577e95f9b4477c92f31120a3f0cccf45837d7f493ffee60,https://nmc.gov.in/assets/admin/upload/quotation/38942_DrainageEastQuotationnotice116-17.pdf,Nashik Municipal Corporation,municipal,38942_DrainageEastQuotationnotice116-17.pdf,137097,2026-08-11T08:33:24+00:00,UNCLASSIFIED,17,7,6,,TT2F1t00;TT2F3t00;TT93t00,37691,0,0,0.0,0,EXP Systems LLC (www.exp-systems.com),PDF reDirect v2
8298433bc7db02ef4095f17a604381c00eb10ecfa7fa634f511f83c8c818c940,https://nmc.gov.in/assets/admin/upload/quotation/84586_PWDNashikRoad.pdf,Nashik Municipal Corporation,municipal,84586_PWDNashikRoad.pdf,69563,2026-08-11T08:33:33+00:00,LEGACY,1,8,1,DVBTTYogeshBold;DVTTDhruvBold;DVTTDhruvNormal;DVTTYogeshNormal,,1084,0,0,0.0,0,Adobe PDF Library 9.0,Acrobat PDFMaker 9.0 for Word
7de11657e0751bdacc3c67af82007757fb85f644f45e6b5ce000022067aa4fcd,https://nmc.gov.in/assets/admin/upload/quotation/PWD_SATPUR17.pdf,Nashik Municipal Corporation,municipal,PWD_SATPUR17.pdf,346814,2026-08-11T08:33:38+00:00,CLEAN,1,1,0,,,186,0,0,0.0,0,Microsoft: Print To PDF,
04f220baacd9e61c429a347ed27871591d8e6fcb960f465eb9cf357d2781d0e0,https://nmc.gov.in/assets/admin/upload/quotation/97960_Electrical.pdf,Nashik Municipal Corporation,municipal,97960_Electrical.pdf,78226,2026-08-11T08:33:54+00:00,UNCLASSIFIED,3,7,4,,TT93t00,4787,390,1,2.56,1,EXP Systems LLC (www.exp-systems.com),PDF reDirect v2
4d12c7ad480d94bbcd120f79df358a2febed71b239ab7ea88ab92f5a0aa0aa78,https://nmc.gov.in/assets/admin/upload/quotation/Unicef_Quataion_No__21.pdf,Nashik Municipal Corporation,municipal,Unicef_Quataion_No__21.pdf,93062,2026-08-11T08:34:01+00:00,LEGACY,3,6,1,DVTTDhruvBold;DVTTDhruvNormal,,2836,0,0,0.0,0,Adobe PDF Library 9.0,Acrobat PDFMaker 9.0 for Word
fe40bfb8455d9bea2df7c2524d391f044b06d2c983f697f34601fb974b1df47d,https://nmc.gov.in/assets/admin/upload/quotation/NSK_RD_04_09.pdf,Nashik Municipal Corporation,municipal,NSK_RD_04_09.pdf,493848,2026-08-11T08:34:02+00:00,SCAN,1,1,0,,,2,0,0,0.0,0,Microsoft: Print To PDF,
58271192452efa07be9240cec9ce1f0e8cb9858edae869f9344ba5322f166bfe,https://nmc.gov.in/assets/admin/upload/quotation/68933_equotation-Copy.pdf,Nashik Municipal Corporation,municipal,68933_equotation-Copy.pdf,55729,2026-08-11T08:34:14+00:00,LEGACY,1,5,1,DVTTDhruvBold;DVTTDhruvNormal,,1459,0,0,0.0,0,Adobe PDF Library 9.0,Acrobat PDFMaker 9.0 for Word
0d14f90879f3df389f58e7d2454bba9e5f7e13cab1bbe013de9c0622ef75f3b9,https://nmc.gov.in/assets/admin/upload/quotation/PWD_PAN1.pdf,Nashik Municipal Corporation,municipal,PWD_PAN1.pdf,221051,2026-08-11T08:34:23+00:00,CLEAN,1,5,0,,,854,0,0,0.0,0,Microsoft: Print To PDF,
62b8cd74a24afbc0b23f4eec3ca78a1a9df0365303379a5b5efc88393f5b8ab9,https://nmc.gov.in/assets/admin/upload/quotation/ई-_कोटेशन_नं__1_-_2022-2023.pdf,Nashik Municipal Corporation,municipal,ई-_कोटेशन_नं__1_-_2022-2023.pdf,32264,2026-08-11T08:34:24+00:00,LEGACY,1,3,1,SakalMarathi-Normal,,1501,543,27,49.72,12,Adobe PDF Library 9.0,Acrobat PDFMaker 9.0 for Word
938a6313ee19c7e9f4120bfd9dab0f17313aa826fdbd0725193f4befd41b7100,https://nmc.gov.in/assets/admin/upload/quotation/Nsk_rd.pdf,Nashik Municipal Corporation,municipal,Nsk_rd.pdf,299049,2026-08-11T08:34:26+00:00,SCAN,1,1,0,,,2,0,0,0.0,0,Microsoft: Print To PDF,
3b3c5193c7e38a286c6f5a3c27e950a869207db53c94c984ab0c304c04764988,https://nmc.gov.in/assets/admin/upload/quotation/PWD_E-Qutetion-02_(20_03_2026).pdf,Nashik Municipal Corporation,municipal,PWD_E-Qutetion-02_(20_03_2026).pdf,345994,2026-08-11T08:34:49+00:00,LEGACY,1,6,4,"DVOT-SurekhMR;DVOT-SurekhMR,Bold",,1111,678,28,41.3,3,Microsoft® Office Word 2007,Microsoft® Office Word 2007
352f480cef8f5469e36ea6a863f2438141a962e328b6c71549387439f9c6de7e,https://nmc.gov.in/assets/admin/upload/quotation/PWD_Est_02_07_08_07_3.pdf,Nashik Municipal Corporation,municipal,PWD_Est_02_07_08_07_3.pdf,343750,2026-08-11T08:34:50+00:00,CLEAN,2,6,0,,,3475,0,0,0.0,0,Microsoft: Print To PDF,
56a2babb9cac9bea4f1d9f81b3833f2beb655393a6a774b033795ba7322e3973,https://nmc.gov.in/assets/admin/upload/quotation/PWD_East.pdf,Nashik Municipal Corporation,municipal,PWD_East.pdf,429422,2026-08-11T08:34:56+00:00,CLEAN,1,6,0,,,2051,0,0,0.0,0,Microsoft: Print To PDF,
e8649b3b08b8425e27796c81f5d0194fe3de7eee5cb9aa183d0c829b7d238c33,https://nmc.gov.in/assets/admin/upload/quotation/PWD_NSkrd.pdf,Nashik Municipal Corporation,municipal,PWD_NSkrd.pdf,333364,2026-08-11T08:34:57+00:00,CLEAN,1,1,1,,,60,0,0,0.0,0,Adobe Scan for Android 25.08.08-google-dynamic,Adobe Scan for Android 25.08.08-google-dynamic
761685d9b6a9c4be1445bc283ae994d2717b9796b58db224e5da8697bda53836,https://nmc.gov.in/assets/admin/upload/quotation/549_SatpurPWDEQuatation1.pdf,Nashik Municipal Corporation,municipal,549_SatpurPWDEQuatation1.pdf,98291,2026-08-11T08:34:59+00:00,LEGACY,4,5,1,Shivaji05,,3843,0,0,0.0,0,Adobe PDF Library 9.0,Acrobat PDFMaker 9.0 for Word
6537f2f1e4f48ccd90d400ed1a576443fbfd88c2bae7f416c5715cbf5b525ecf,https://nmc.gov.in/assets/admin/upload/quotation/3_BUCKT_SPECIFICATION30.pdf,Nashik Municipal Corporation,municipal,3_BUCKT_SPECIFICATION30.pdf,580638,2026-08-11T08:35:05+00:00,CLEAN,3,5,0,,,2902,0,0,0.0,0,Microsoft: Print To PDF,
f4c1318899365fa57876e1aec02ad58120c13aa0f4c680adfbf305fbc8009a33,https://nmc.gov.in/assets/admin/upload/quotation/46212_Quotationnotice.pdf,Nashik Municipal Corporation,municipal,46212_Quotationnotice.pdf,57429,2026-08-11T08:35:12+00:00,LEGACY,1,3,0,DVBWTTSurekhBold;DVBWTTSurekhNormal,,1337,0,0,0.0,0,Adobe PDF Library 9.0,Acrobat PDFMaker 9.0 for Word
41863a5c7cc1ecd8e5bc797ae17570b85cd3d4e1c1ed5f84d7af1d7ada5572b7,https://nmc.gov.in/assets/admin/upload/quotation/2033_E-Quotation.pdf,Nashik Municipal Corporation,municipal,2033_E-Quotation.pdf,38612,2026-08-11T08:35:26+00:00,LEGACY,1,6,2,DVTTDhruvBold;SakalMarathi-Normal,,1159,489,23,47.03,13,Adobe PDF Library 9.0,Acrobat PDFMaker 9.0 for Word
61ba810c7542f5a8e6a9cfef7b50b96946aecadb2079a8b4d7eabd1c3755f665,https://nmc.gov.in/assets/admin/upload/quotation/PWD_SAT_13_16.pdf,Nashik Municipal Corporation,municipal,PWD_SAT_13_16.pdf,454415,2026-08-11T08:35:55+00:00,SUSPECT,1,2,0,,,196,132,6,45.45,1,Microsoft: Print To PDF,
78b6f2f60aad41338314f379c5291b9ccc73b665213924f3bd187d7fff270179,https://nmc.gov.in/assets/admin/upload/quotation/39882_1)PWDE-QuatationShinkar-3(06.09.2018)-Copy.pdf,Nashik Municipal Corporation,municipal,39882_1)PWDE-QuatationShinkar-3(06.09.2018)-Copy.pdf,40802,2026-08-11T08:36:12+00:00,LEGACY,1,4,0,DVOTSurekhMRBold;DVOTSurekhMRNormal,,1108,666,33,49.55,18,Adobe PDF Library 9.0,Acrobat PDFMaker 9.0 for Word
e9f0d5b48cbbd674ffc915b68364f37a2f85d6ec244900178a87800687ea34f4,https://nmc.gov.in/assets/admin/upload/quotation/41555_EcotetionNoticeno62015-16.pdf,Nashik Municipal Corporation,municipal,41555_EcotetionNoticeno62015-16.pdf,37277,2026-08-11T08:36:25+00:00,LEGACY,1,6,5,DVTTDhruvBold;DVTTDhruvNormal,,1268,0,0,0.0,0,Acrobat Distiller 9.0.0 (Windows),PScript5.dll Version 5.2.2
f37887f841fb9e9abad9508fe235192ec84412e0f543d9e3fbafa6079464f81d,https://nmc.gov.in/assets/admin/upload/download/12_Tentative_Layout.pdf,Nashik Municipal Corporation,municipal,12_Tentative_Layout.pdf,727464,2026-08-11T08:36:53+00:00,SCAN,5,0,0,,,0,0,0,0.0,0,Adobe Acrobat 9.0 Image Conversion Plug-in,Adobe Acrobat 9.0
31f65ef822cdc449cd23baaed9228d8be6004a33443b0f37428d62293790b393,https://nmc.gov.in/assets/admin/upload/quotation/36215_Quatation.pdf,Nashik Municipal Corporation,municipal,36215_Quatation.pdf,52419,2026-08-11T08:36:54+00:00,LEGACY,1,5,1,DVTTDhruvBold;DVTTDhruvNormal,,1394,51,0,0.0,0,Adobe PDF Library 9.0,Acrobat PDFMaker 9.0 for Word
1ec09a791ed0390908f8186f5ab98586d3597f550af177c8a2afe6bf5516ab4b,https://nmc.gov.in/assets/admin/upload/quotation/Med1.pdf,Nashik Municipal Corporation,municipal,Med1.pdf,766132,2026-08-11T08:36:56+00:00,CLEAN,3,10,0,,,10145,31,0,0.0,0,Microsoft: Print To PDF,
6eccf2ec30146b0f5f33e838a3282048864e3e40f81fe0b0ade67415bb411b21,https://nmc.gov.in/assets/admin/upload/quotation/40696_15-07-2021E-Quatation17.pdf,Nashik Municipal Corporation,municipal,40696_15-07-2021E-Quatation17.pdf,87560,2026-08-11T08:36:58+00:00,LEGACY,6,10,7,DVTTDhruvBold;DVTTDhruvNormal,,18369,0,0,0.0,0,Adobe PDF Library 9.0,Acrobat PDFMaker 9.0 for Word
af4c5de075e098ae9b1096c8d90ad53417fbc0c1562a66aeba7942e35ea08a6d,https://nmc.gov.in/assets/admin/upload/quotation/13298_ElectricalE-Quatation14-2015-16.pdf,Nashik Municipal Corporation,municipal,13298_ElectricalE-Quatation14-2015-16.pdf,52508,2026-08-11T08:37:01+00:00,UNCLASSIFIED,3,9,7,,TT24Et00;TT250t00,7256,0,0,0.0,0,EXP Systems LLC (www.exp-systems.com),PDF reDirect v2
d150430b1109aa1ab5dd2de349a29fc573c159ae83952768492f6837e8dae8d6,https://nmc.gov.in/assets/admin/upload/quotation/11342_equt-Copy.pdf,Nashik Municipal Corporation,municipal,11342_equt-Copy.pdf,61436,2026-08-11T08:37:03+00:00,CLEAN,1,2,0,,,707,0,0,0.0,0,Adobe PDF Library 9.0,Acrobat PDFMaker 9.0 for Word
42945977503fc0c397f99a26dfee6ec24164811e488bfe92e50fa2f22a73fb2a,https://nmc.gov.in/assets/admin/upload/quotation/ई-कोटेशन_फॉर्म.pdf,Nashik Municipal Corporation,municipal,ई-कोटेशन_फॉर्म.pdf,213747,2026-08-11T08:37:05+00:00,LEGACY,3,13,1,DVBTTSurekhENNormal;DVI-TTYogesh-Normal;DVOTSurekhMRBold;DVOTSurekhMRNormal;DVOTSurekhNormal;SakalMarathi-Normal,,7712,4435,134,30.21,47,Adobe PDF Library 9.0,Acrobat PDFMaker 9.0 for Word
7a3dad966064798f40c3602febea9c6ae48cab311bfd71f6a0177346d412e845,https://nmc.gov.in/assets/admin/upload/quotation/Sat_Pwd_06_10.pdf,Nashik Municipal Corporation,municipal,Sat_Pwd_06_10.pdf,557815,2026-08-11T08:37:12+00:00,SCAN,1,2,0,,,4,0,0,0.0,0,Microsoft: Print To PDF,
5a86ff2bc26a9eb54c0fa13530dbfe1568f89304ece88f17e1075b8854be3f6b,https://nmc.gov.in/assets/admin/upload/quotation/PWD_Est_30_06_06_07_2.pdf,Nashik Municipal Corporation,municipal,PWD_Est_30_06_06_07_2.pdf,252340,2026-08-11T08:37:13+00:00,CLEAN,2,5,0,,,4372,0,0,0.0,0,Microsoft: Print To PDF,
908dae243d4051640ba1659f0e1ee4008fa4ba0ef8fa4d270d6107bd269aaf50,https://nmc.gov.in/assets/admin/upload/quotation/WSD_E-Qutetion-04_(11_09_2025).pdf,Nashik Municipal Corporation,municipal,WSD_E-Qutetion-04_(11_09_2025).pdf,391830,2026-08-11T08:37:17+00:00,SUSPECT,1,6,4,,,1257,791,24,30.34,6,,
5c5cb8782bf787e2b9c0c58774542043b76b9bc4a324359cfa218aa6b3e61fc8,https://nmc.gov.in/assets/admin/upload/quotation/49278_PagesfromCabin-QuotationNotcie-3.pdf,Nashik Municipal Corporation,municipal,49278_PagesfromCabin-QuotationNotcie-3.pdf,91083,2026-08-11T08:37:24+00:00,LEGACY,25,2,1,DVBTTYogeshNormal,,24967,0,0,0.0,0,doPDF Ver 7.3 Build 382 (Windows XP Professional Edition  (S,
51a7e22b0a429febd4957b9b43defc437fe4fca36f23bebf9e5e57dcd80b2414,https://nmc.gov.in/assets/admin/upload/quotation/37738_9022_OnlineE-Kotesation7-4-2021.pdf,Nashik Municipal Corporation,municipal,37738_9022_OnlineE-Kotesation7-4-2021.pdf,56492,2026-08-11T08:37:26+00:00,LEGACY,1,6,1,DVTTDhruvBold;DVTTDhruvNormal,,1193,0,0,0.0,0,Adobe PDF Library 9.0,Acrobat PDFMaker 9.0 for Word
238bd3136b154d52e4f9eb0f6edbacc05e8d33946b4067c77247078ce13a2cc5,https://nmc.gov.in/assets/admin/upload/quotation/23.pdf,Nashik Municipal Corporation,municipal,23.pdf,919179,2026-08-11T08:37:28+00:00,CLEAN,9,12,0,,,22721,36,1,0.0,1,Microsoft: Print To PDF,
3e0295dbec988b404d7175c8fc3d3bd2261402bab1959a6186ee2b217132c1d8,https://nmc.gov.in/assets/admin/upload/quotation/PWD_SATPUR_.pdf,Nashik Municipal Corporation,municipal,PWD_SATPUR_.pdf,292764,2026-08-11T08:37:32+00:00,SUSPECT,1,4,0,,,541,421,25,59.38,11,Microsoft: Print To PDF,
fd0f0bc4fb67e9cad09d0cdeee86046dbff2f042e471124e485f8087cfce95f8,https://nmc.gov.in/assets/admin/upload/quotation/PWD_SATPUR.pdf,Nashik Municipal Corporation,municipal,PWD_SATPUR.pdf,444054,2026-08-11T08:37:50+00:00,SUSPECT,1,4,0,,,313,228,13,57.02,4,Microsoft: Print To PDF,
95cc73ef0dfc0d65c6f09bc519cbbdaa7358208b2b72de2ee158521120f34016,https://nmc.gov.in/assets/admin/upload/quotation/E_E__On_line_2_file_dt__17-12-2021.pdf,Nashik Municipal Corporation,municipal,E_E__On_line_2_file_dt__17-12-2021.pdf,54291,2026-08-11T08:37:54+00:00,LEGACY,1,8,3,DVTTSurekhBold;DVTTSurekhNormal,,1107,0,0,0.0,0,Adobe PDF Library 9.0,Acrobat PDFMaker 9.0 for Word
20f1676d672172730dda6add4c47a37148a3f586fa7e6e10e52a10ccbc6bc060,https://www.pcmcindia.gov.in/marathi/pdf/bond_2023.pdf,Pimpri-Chinchwad Municipal Corporation,municipal,bond_2023.pdf,90551,2026-08-10T16:09:05+00:00,CLEAN,1,4,2,,,399,0,0,0.0,0,Microsoft® Word for Microsoft 365,Microsoft® Word for Microsoft 365
264590ff3f74559002c6fdb7ea8add44aac12bb1a6def88a2b4b32a9652883a6,https://www.pcmcindia.gov.in/pdf/nrw_2016.pdf,Pimpri-Chinchwad Municipal Corporation,municipal,nrw_2016.pdf,79638,2026-08-10T16:09:05+00:00,CLEAN,7,8,4,,,11962,0,0,0.0,0,GPL Ghostscript 8.64,PScript5.dll Version 5.2.2
352efc5a063b0481bf19e1a9e091de0a719f6ebb3a3f338b915ac46b83cabee0,https://www.pcmcindia.gov.in/OrgStru.pdf,Pimpri-Chinchwad Municipal Corporation,municipal,OrgStru.pdf,236725,2026-08-10T16:09:07+00:00,SUSPECT,1,13,8,,,3013,1325,96,72.45,15,doPDF Ver 7.2 Build 355 (unknown Windows version - Version: ,
b3400dc030659a8e3489fd070903c68df26dd272d456ae1d0892420ecd59b455,https://www.pcmcindia.gov.in/pdf/Climate Action Plan 2026.pdf,Pimpri-Chinchwad Municipal Corporation,municipal,Climate Action Plan 2026.pdf,25458519,2026-08-10T16:09:18+00:00,CLEAN,379,27,15,,,85214,0,0,0.0,0,Microsoft® Word for Microsoft 365,Microsoft® Word for Microsoft 365
d734d1e4b7ccb77c0699677ce10ec15587fd6720f6a052c7bc9bdc3db68d5515,https://www.pcmcindia.gov.in//pdf/final pdf WORD FILE  MANSOON S.O.pdf,Pimpri-Chinchwad Municipal Corporation,municipal,final pdf WORD FILE  MANSOON S.O.pdf,1934902,2026-08-10T16:09:19+00:00,LEGACY,44,23,17,"DV-TTDhruv;DV-TTShridhar;DV-TTShridhar,Bold;DVBTTSurekhNormal",,47279,21271,1216,57.17,286,doPDF Ver 7.2 Build 355 (unknown Windows version - Version: ,
062071765410620eb1bd9f004c763bec801c98941e032afc273db6c30f97af15,https://www.pcmcindia.gov.in/pdf/Maharashtra-IT-ITES-Policy.pdf,Pimpri-Chinchwad Municipal Corporation,municipal,Maharashtra-IT-ITES-Policy.pdf,758024,2026-08-10T16:09:21+00:00,CLEAN,35,11,11,,,55882,0,0,0.0,0,PDFium,PDFium
d51e6f8916b9f1c1b1702fce018fcf0ad662ef9318984724d7855c0ca35adb97,https://www.pcmcindia.gov.in/pdf/IT_Policy_2023.pdf,Pimpri-Chinchwad Municipal Corporation,municipal,IT_Policy_2023.pdf,2812832,2026-08-10T16:09:23+00:00,LEGACY,109,64,35,"DVOT-SurekhMR;DVOT-SurekhMR,Bold;DVOT-SurekhMR,Italic;Sakal Marathi",,82094,61822,84,1.36,7,Microsoft® Word 2013,Microsoft® Word 2013
fb64f6c8a369f1042ff35a81c8d21a6c9773f6e0e07de7af66c53d5ad45e1e58,https://www.pcmcindia.gov.in/pdf/IT Policy_2009.pdf,Pimpri-Chinchwad Municipal Corporation,municipal,IT Policy_2009.pdf,891581,2026-08-10T16:09:25+00:00,LEGACY,58,30,28,DVBTTYogeshNormal;DVTTYogeshBold;DVTTYogeshNormal,,58572,0,0,0.0,0,PDFium,PDFium
822abe792cf27aceb1840f39fee619fc6fce600345cc7381b4bdd4b3aed815f7,https://www.pcmcindia.gov.in/citizen_charters/18_fire/14.pdf,Pimpri-Chinchwad Municipal Corporation,municipal,14.pdf,715081,2026-08-10T17:00:57+00:00,SUSPECT,2,7,0,,,2022,1160,53,45.69,18,Microsoft: Print To PDF,
363760caa71d80e150a28e4059d2622b2db1bce1eaedfbbc2c27e32696ce18b9,https://www.pcmcindia.gov.in/cms_upload/submission/13275823881653030379.pdf,Pimpri-Chinchwad Municipal Corporation,municipal,13275823881653030379.pdf,7180419,2026-08-10T17:01:00+00:00,SUSPECT,827,697,35,,,84902,38410,2133,55.53,782,3-Heights™ PDF Toolbox API 6.12.0.6 (http://www.pdf-tools.co,Adobe Acrobat 6.0
0ee208e027fcd23ad6a09e8339525a3f7c2181b9479daf8b0c3fd7f1a55cda48,https://www.pcmcindia.gov.in/pdf/Budget_17_18_2.pdf,Pimpri-Chinchwad Municipal Corporation,municipal,Budget_17_18_2.pdf,1059389,2026-08-10T17:01:18+00:00,LEGACY,300,38,38,SHREE-DEV-0708;SHREE-DEV-0709;SHREE-DEV-0713;SHREE-DEV-0715;SHREE-DEV7-0708;SHREE-DEV7-0709,,34092,0,0,0.0,0,Acrobat Distiller 9.0.0 (Windows),PageMaker 7.0
888f5d14eea67dd661a4a419023039503f0c16b6f7890ee639883729f2869e51,https://www.pcmcindia.gov.in/citizen_charters/18_fire/9.pdf,Pimpri-Chinchwad Municipal Corporation,municipal,9.pdf,717054,2026-08-10T17:01:40+00:00,SUSPECT,2,7,0,,,2117,1223,57,46.61,18,Microsoft: Print To PDF,
6ec5bc23fe2a3d536f6bef8b5972ab85b0bd61eeef70230ad5563dc6a01d2fef,https://www.pcmcindia.gov.in/citizen_charters/12_medical/4.pdf,Pimpri-Chinchwad Municipal Corporation,municipal,4.pdf,220746,2026-08-10T17:01:47+00:00,SUSPECT,9,8,6,,,8399,3469,95,27.39,35,doPDF Ver 7.2 Build 355 (unknown Windows version - Version: ,
1433123e7d3893a1ac9252630b4e03bad3a5ca27ca899f9e5409873c9086b57b,https://www.pcmcindia.gov.in/citizen_charters/N_bp/1.pdf,Pimpri-Chinchwad Municipal Corporation,municipal,1.pdf,189167,2026-08-10T17:01:51+00:00,SUSPECT,3,9,6,,,3006,1663,83,49.91,38,doPDF Ver 7.2 Build 355 (unknown Windows version - Version: ,
c895b18e820ed7a72dfa7e55a2c2beb51630407f135cbe19e46e5fcc79871365,https://www.pcmcindia.gov.in/citizen_charters/3_sewarage/5.pdf,Pimpri-Chinchwad Municipal Corporation,municipal,5.pdf,178481,2026-08-10T17:01:53+00:00,SUSPECT,2,8,5,,,1864,1122,49,43.67,21,doPDF Ver 7.2 Build 355 (Windows 7 Business Edition (SP 1) -,
3d109e89aba9e12510edb3344f0b8c16243a0f71d3de3a1e7779a939343f59fd,https://www.pcmcindia.gov.in/citizen_charters/15_sports/3.pdf,Pimpri-Chinchwad Municipal Corporation,municipal,3.pdf,1190442,2026-08-10T17:02:08+00:00,SUSPECT,9,16,11,,,17007,12709,969,76.25,71,Microsoft® Word 2010,Microsoft® Word 2010
b7c7e08ba9100681f3aa3846ae4ce1e388c44bead6d7ed5d90724f79ffb81ad0,https://www.pcmcindia.gov.in/citizen_charters/1_p_Tax/4.pdf,Pimpri-Chinchwad Municipal Corporation,municipal,4.pdf,554434,2026-08-10T17:02:09+00:00,LEGACY,2,8,6,"DVB-TTSurekh,BoldItalic",,3089,2236,134,59.93,28,Microsoft® Word 2010,Microsoft® Word 2010
d0fd835000ad75d17dbf2284d84140e171eec5a842fc76b3d3ca01d196e1a4e3,https://www.pcmcindia.gov.in/pdf/capital2324.pdf,Pimpri-Chinchwad Municipal Corporation,municipal,capital2324.pdf,21061169,2026-08-10T17:02:23+00:00,SCAN,916,520,13,,,11909,5138,124,24.13,48,3-Heights™ PDF Toolbox API 6.12.0.6 (http://www.pdf-tools.co,Mozilla/5.0 (Windows NT 10.0; Win64; x64) AppleWebKit/537.36
cc5cbd78c5773670b08dfac246ea9e0fc9b63beca64c1d98cba89b7968e85155,https://www.pcmcindia.gov.in/citizen_charters/18_fire/12.pdf,Pimpri-Chinchwad Municipal Corporation,municipal,12.pdf,715964,2026-08-10T17:02:41+00:00,SUSPECT,2,7,0,,,2195,1269,60,47.28,21,Microsoft: Print To PDF,
36dd93ea271e22d9f6f167540734d225e0a9470db4c5801227173a03b92a09cd,https://www.pcmcindia.gov.in/citizen_charters/9_civil/11.pdf,Pimpri-Chinchwad Municipal Corporation,municipal,11.pdf,675994,2026-08-10T17:02:44+00:00,SUSPECT,1,5,4,,,1506,1026,73,71.15,10,Microsoft® Word 2010,Microsoft® Word 2010
aa906c4f973ae65392f1a6a9dc46730ec002c506af0f211fc725ae2e9ddf1b93,https://www.pcmcindia.gov.in/citizen_charters/11_skysign/8.pdf,Pimpri-Chinchwad Municipal Corporation,municipal,8.pdf,493979,2026-08-10T17:03:01+00:00,LEGACY,2,9,6,"DVB-TTYogesh,BoldItalic",,3625,2477,23,9.29,0,Microsoft® Word 2010,Microsoft® Word 2010
7b96d5ebe3e7484715c28d0b2adbd2fed0657c2a6390ec456e3f103638c6df3d,https://www.pcmcindia.gov.in/citizen_charters/N_bp/3.pdf,Pimpri-Chinchwad Municipal Corporation,municipal,3.pdf,179229,2026-08-10T17:03:27+00:00,SUSPECT,3,7,5,,,2614,1465,73,49.83,31,doPDF Ver 7.2 Build 355 (unknown Windows version - Version: ,
f1cb5d112ab7e40c1c0e11766bcc1146d47b3c6ae31af73aee45ae9409d199fe,https://www.pcmcindia.gov.in/citizen_charters/7_garden/2.pdf,Pimpri-Chinchwad Municipal Corporation,municipal,2.pdf,591755,2026-08-10T17:03:29+00:00,SUSPECT,1,3,2,,,1948,1233,11,8.92,0,Microsoft® Word 2010,Microsoft® Word 2010
cae0bb334e8b1b140d66e8e12c9eade052f026a1ba95eb6922d5159290e79892,https://www.pcmcindia.gov.in/citizen_charters/5_encharocment/2.pdf,Pimpri-Chinchwad Municipal Corporation,municipal,2.pdf,355743,2026-08-10T17:03:40+00:00,SUSPECT,2,9,7,,,3277,1949,23,11.8,6,Microsoft® Word 2010,Microsoft® Word 2010
f0260ba9b5e5e4af38b28f49a4d3dab91af232df723e83bd1cffe9db924f32f2,https://www.pcmcindia.gov.in/citizen_charters/13_schoolboard/2.pdf,Pimpri-Chinchwad Municipal Corporation,municipal,2.pdf,163708,2026-08-10T17:03:55+00:00,SUSPECT,1,8,3,,,1654,992,61,61.49,12,Microsoft® Word 2019,Microsoft® Word 2019
36f9ddf41345326e5fc46b287834f3ffcaca225a293c0485343880a13fbadd22,https://www.pcmcindia.gov.in/citizen_charters/9_civil/1.pdf,Pimpri-Chinchwad Municipal Corporation,municipal,1.pdf,674135,2026-08-10T17:04:23+00:00,SUSPECT,1,5,4,,,2032,1371,96,70.02,15,Microsoft® Word 2010,Microsoft® Word 2010
c363a300e1f0f7a6927468a625063833525cb6a0d1d8fd61e353c59ab86cfc50,https://www.pcmcindia.gov.in/citizen_charters/11_skysign/7.pdf,Pimpri-Chinchwad Municipal Corporation,municipal,7.pdf,493540,2026-08-10T17:04:31+00:00,LEGACY,2,9,6,"DVB-TTYogesh,BoldItalic",,4103,2876,28,9.74,0,Microsoft® Word 2010,Microsoft® Word 2010
5148e2b495a867ffebce0ec57a3bb23733a14a0ec0bb755748a74471b1d43878,https://www.pcmcindia.gov.in/pdf/Budget_17_18_1.pdf,Pimpri-Chinchwad Municipal Corporation,municipal,Budget_17_18_1.pdf,535597,2026-08-10T17:04:41+00:00,LEGACY,196,33,33,SHREE-DEV-0708;SHREE-DEV-0709;SHREE-DEV-0713;SHREE-DEV-0715;SHREE-DEV7-0708;SHREE-DEV7-0709;SHREE-DEV7-0715,,38392,0,0,0.0,0,Acrobat Distiller 9.0.0 (Windows),PageMaker 7.0
8b925522981f727af108d109fa22ca08647a165f211b1b070b0cf60da3ef194a,https://www.pcmcindia.gov.in/citizen_charters/15_sports/11.pdf,Pimpri-Chinchwad Municipal Corporation,municipal,11.pdf,487325,2026-08-10T17:04:43+00:00,SUSPECT,3,13,7,,,3429,2447,277,113.2,40,Microsoft® Word 2010,Microsoft® Word 2010
3414956b0efc73dba8a34aaff4a853f9d288f484761f33f043747fb3d63af2e6,https://www.pcmcindia.gov.in/cms_upload/circular/0298 2026.pdf,Pimpri-Chinchwad Municipal Corporation,municipal,0298 2026.pdf,190860,2026-08-10T17:04:50+00:00,SCAN,2,0,0,,,0,0,0,0.0,0,Adobe PSL 1.3e for Canon,Canon iR2945  PDF
fd1cea46988a7ab35daec175d836b8928fdcfecd0c8c706367aef0afc99e2a91,https://www.pcmcindia.gov.in/citizen_charters/13_schoolboard/5.pdf,Pimpri-Chinchwad Municipal Corporation,municipal,5.pdf,171996,2026-08-10T17:04:52+00:00,SUSPECT,2,8,3,,,2382,1203,71,59.02,12,Microsoft® Word 2019,Microsoft® Word 2019
c38b46ada4efae83dcedc330ef258acc5146a2fdf2b7003372246c4419581b1d,https://www.pcmcindia.gov.in/citizen_charters/7_garden/9.pdf,Pimpri-Chinchwad Municipal Corporation,municipal,9.pdf,588196,2026-08-10T17:05:03+00:00,SUSPECT,2,5,2,,,3400,2305,19,8.24,0,Microsoft® Word 2010,Microsoft® Word 2010
a12dc4ca68cac92250d0dfd71776aa4eef64ea1df03bb2409946509ab2ba2fac,https://www.pcmcindia.gov.in/citizen_charters/9_civil/7.pdf,Pimpri-Chinchwad Municipal Corporation,municipal,7.pdf,674847,2026-08-10T17:05:14+00:00,SUSPECT,1,5,4,,,1603,1022,76,74.36,13,Microsoft® Word 2010,Microsoft® Word 2010
962c8041b2fd9a9b8d49c387d75a3ea223247d2661277b37b6148c142c89bb30,https://www.pcmcindia.gov.in/pdf/IS_specifications_part_2.pdf,Pimpri-Chinchwad Municipal Corporation,municipal,IS_specifications_part_2.pdf,7921770,2026-08-10T17:05:19+00:00,SCAN,34,0,0,,,0,0,0,0.0,0,Acrobat Distiller 6.0 (Windows),PScript5.dll Version 5.2.2
26baab88da1324fef7ea030403c56328a1bb362a9029c39a63455713184ce129,https://www.pcmcindia.gov.in/citizen_charters/16_slum/9.pdf,Pimpri-Chinchwad Municipal Corporation,municipal,9.pdf,702220,2026-08-10T17:05:46+00:00,SUSPECT,1,11,7,,,1383,862,35,40.6,8,Microsoft® Word 2010,Microsoft® Word 2010
d61350d6ac0bd11bf6386827124b4ccd3803137242dc905a24c24355ee4d695c,https://www.pcmcindia.gov.in/citizen_charters/17_veternary/7.pdf,Pimpri-Chinchwad Municipal Corporation,municipal,7.pdf,516357,2026-08-10T17:05:47+00:00,SUSPECT,1,11,5,,,3047,1264,90,71.2,22,Microsoft® Word 2010,Microsoft® Word 2010
5c354a4c2101cefb5bbdfb7b7fe8c4d45e481986e297cb00af9a965c4f57d6ca,https://www.pcmcindia.gov.in/citizen_charters/11_skysign/2.pdf,Pimpri-Chinchwad Municipal Corporation,municipal,2.pdf,490128,2026-08-10T17:05:49+00:00,LEGACY,2,7,5,"DVB-TTYogesh,BoldItalic",,3869,2576,23,8.93,0,Microsoft® Word 2010,Microsoft® Word 2010
c2fbf5e7c452867b34c70ac0f8b0c2650c697c381c364576118ab74297ff073e,https://www.pcmcindia.gov.in/citizen_charters/3_sewarage/1.pdf,Pimpri-Chinchwad Municipal Corporation,municipal,1.pdf,179915,2026-08-10T17:05:53+00:00,SUSPECT,2,8,5,,,2259,1237,47,38.0,23,doPDF Ver 7.2 Build 355 (Windows 7 Business Edition (SP 1) -,
6d7632b97dd6d5d7c7cf53461ad69db6f6c9786b9ee387b6efa37ec46972e770,https://www.pcmcindia.gov.in/marathi/pdf/PCMC BUDGET-2020-2021/Book_1.pdf,Pimpri-Chinchwad Municipal Corporation,municipal,Book_1.pdf,33185127,2026-08-10T17:06:23+00:00,SCAN,315,31,28,"SHREE-DEV7-0708;SHREE-DEV7-0708,Bold;SHREE-DEV7-0709;SHREE-DEV7-0713;SHREE-DEV7-0715",,0,0,0,0.0,0,doPDF Ver 7.3 Build 387 (Windows XP Professional Edition  (S,
7e500de9ade0d30d6fe46b40e755d62cd77fd8102db2866c4ed829adfb595d8c,https://www.pcmcindia.gov.in/citizen_charters/2_water/6.pdf,Pimpri-Chinchwad Municipal Corporation,municipal,6.pdf,1302842,2026-08-10T17:06:24+00:00,CLEAN,2,1,1,,,1468,0,0,0.0,0, ,Canon 
8a62c4e29122d7172bc873cb73826b96b1dc491a11aa120b52e8526ec3114e4a,https://www.pcmcindia.gov.in/citizen_charters/25_ycmh.pdf,Pimpri-Chinchwad Municipal Corporation,municipal,25_ycmh.pdf,6494112,2026-08-10T17:06:29+00:00,SUSPECT,11,13,11,,,14071,2366,34,14.37,8,iLovePDF,
a06c7b40eb2e1e1a8da7aef48326f5612256766d07b5f6dea880b0effd7c2c4c,https://www.pcmcindia.gov.in/pdf/careport_2013.pdf,Pimpri-Chinchwad Municipal Corporation,municipal,careport_2013.pdf,2309131,2026-08-10T17:06:31+00:00,SCAN,5,0,0,,,0,0,0,0.0,0,Adobe Acrobat 6.0 Image Conversion Plug-in,Adobe Acrobat 6.0
ad5ff77181bbbdcfec38359a619ce702f680d0725df22508987b17cd224d47f0,https://www.pcmcindia.gov.in/citizen_charters/2_water/5.pdf,Pimpri-Chinchwad Municipal Corporation,municipal,5.pdf,1300115,2026-08-10T17:06:38+00:00,CLEAN,2,1,1,,,1451,0,0,0.0,0, ,Canon 
49a62e1a482eb17c887280117a1cf255fec76fd8b2d0e3f694ed93485e84a054,https://www.pcmcindia.gov.in/pdf/revenue2526.pdf,Pimpri-Chinchwad Municipal Corporation,municipal,revenue2526.pdf,34261928,2026-08-10T17:07:16+00:00,LEGACY,189,71,10,DVBWTTYogeshBold,,18387,14456,865,59.84,209,4-Heights™ PDF Library 3.4.0.6904 (http://www.pdf-tools.com),
4cdd317a46be9b218ed882f27f086c3ca10b7182558bbafc59c6aa0cad61ab36,https://www.pcmcindia.gov.in/marathi/pdf/budget_1920/Book2.pdf,Pimpri-Chinchwad Municipal Corporation,municipal,Book2.pdf,92358870,2026-08-10T17:08:18+00:00,SCAN,361,0,0,,,0,0,0,0.0,0,,Nitro Pro 7
d1f147d58a00c36e1a084a7529da306089f2f712e19df70279fca739f0e99f68,https://www.pcmcindia.gov.in/citizen_charters/6_health/1.pdf,Pimpri-Chinchwad Municipal Corporation,municipal,1.pdf,507238,2026-08-10T17:08:41+00:00,SUSPECT,2,10,5,,,2600,1450,18,12.41,4,Microsoft® Word 2010,Microsoft® Word 2010
a5cc9670fbc60e5f56bea76585b5cf39c5a5d899e5ee112e01c8f2b5d4aa1c62,https://www.pcmcindia.gov.in/citizen_charters/2_water/12.pdf,Pimpri-Chinchwad Municipal Corporation,municipal,12.pdf,640058,2026-08-10T17:08:45+00:00,SUSPECT,1,5,3,,,286,133,16,120.3,1,Microsoft® Word 2010,Microsoft® Word 2010
e08d12f7bbc66a6354fdb2e7c6faaca1a555a71e3c9208c1ec5968228e98b697,https://www.pcmcindia.gov.in/citizen_charters/9_civil/3.pdf,Pimpri-Chinchwad Municipal Corporation,municipal,3.pdf,676062,2026-08-10T17:08:46+00:00,SUSPECT,1,5,4,,,1471,1018,73,71.71,10,Microsoft® Word 2010,Microsoft® Word 2010
c220a80bd180d220e54e85c6c0c25d7ceda335b7eb4862de47926790072ac29f,https://www.pcmcindia.gov.in/citizen_charters/16_slum/3.pdf,Pimpri-Chinchwad Municipal Corporation,municipal,3.pdf,701085,2026-08-10T17:08:50+00:00,SUSPECT,1,14,8,,,1815,1130,44,38.94,9,Microsoft® Word 2010,Microsoft® Word 2010
a1e57a15ff9b62cbffa2b0e2c4e4f6ce39760779341282674e4aea0613e7da2d,https://www.pcmcindia.gov.in/cms_upload/circular/9 716 2026.pdf,Pimpri-Chinchwad Municipal Corporation,municipal,9 716 2026.pdf,253237,2026-08-10T17:08:51+00:00,SCAN,2,0,0,,,0,0,0,0.0,0,Adobe PSL 1.3e for Canon,Canon iR2945  PDF
816ba5b9a7ac143e47c558991d3cff2eecba795045ccbeda7043b678aea33e7b,https://www.pcmcindia.gov.in/citizen_charters/7_garden/1.pdf,Pimpri-Chinchwad Municipal Corporation,municipal,1.pdf,591487,2026-08-10T17:08:56+00:00,SUSPECT,1,4,2,,,1967,1269,11,8.67,0,Microsoft® Word 2010,Microsoft® Word 2010
ca2cd06876fa9360bd2268050bc59644c9623fa42b3051a0ec1c29bb60891433,https://www.pcmcindia.gov.in/citizen_charters/18_fire/4.pdf,Pimpri-Chinchwad Municipal Corporation,municipal,4.pdf,785911,2026-08-10T17:08:58+00:00,SUSPECT,2,8,0,,,2502,1436,61,42.48,20,Microsoft: Print To PDF,
eb8c06aac6e421fc2de3bbe71c301eb51de8d803b05376850ede9624ebb6f075,https://www.pcmcindia.gov.in/citizen_charters/13_schoolboard/3.pdf,Pimpri-Chinchwad Municipal Corporation,municipal,3.pdf,166339,2026-08-10T17:09:11+00:00,SUSPECT,1,8,3,,,1800,1037,63,60.75,12,Microsoft® Word 2019,Microsoft® Word 2019
c296e854cab31056db9b75476c6e0760dbb7f0bd17a60859dc0d9b62281a6d1b,https://www.pcmcindia.gov.in/citizen_charters/8_Ele/2.pdf,Pimpri-Chinchwad Municipal Corporation,municipal,2.pdf,215327,2026-08-10T17:09:14+00:00,SUSPECT,1,7,5,,,1488,765,48,62.75,13,doPDF Ver 7.2 Build 355 (Windows 7 Ultimate Edition (SP 1) -,
a83b3c8b36761dd816b5c0ea0d5d02481b94713ca17dd5a690cab3bf2f92280c,https://www.pcmcindia.gov.in/citizen_charters/18_fire/15.pdf,Pimpri-Chinchwad Municipal Corporation,municipal,15.pdf,716004,2026-08-10T17:09:16+00:00,SUSPECT,2,7,0,,,2090,1197,53,44.28,17,Microsoft: Print To PDF,
eebd29ef6856b2b75aa407f8da5bdbecc0f27f89d9013ec7a6d0c0dc71b4c754,https://www.pcmcindia.gov.in/pdf/revenue2627.pdf,Pimpri-Chinchwad Municipal Corporation,municipal,revenue2627.pdf,42559224,2026-08-10T17:09:32+00:00,SCAN,179,48,26,,,3233,1818,65,35.75,35,4-Heights™ PDF Library 3.4.0.6904 (http://www.pdf-tools.com),
8def44ce819f9088a29e2a22b14d937b5aa3da241f818991a6a138197fafea97,https://www.pcmcindia.gov.in/citizen_charters/2_water/1.pdf,Pimpri-Chinchwad Municipal Corporation,municipal,1.pdf,1382287,2026-08-10T17:09:33+00:00,CLEAN,2,1,1,,,1809,0,0,0.0,0, ,Canon 
e2103f3694a124b76f7e785f7256db78079adb348a423f81cda657229355bc89,https://www.pcmcindia.gov.in/citizen_charters/18_fire/2.pdf,Pimpri-Chinchwad Municipal Corporation,municipal,2.pdf,774915,2026-08-10T17:09:53+00:00,SUSPECT,3,9,0,,,3801,2264,85,37.54,33,Microsoft: Print To PDF,
c3ff5c998b4182ffdd09ff5c6ca62a2ead7d9d5f3e07722eac0b6b309c7dafd6,https://www.pcmcindia.gov.in/pdf/budget2122/Book 2.pdf,Pimpri-Chinchwad Municipal Corporation,municipal,Book 2.pdf,99773054,2026-08-10T17:10:32+00:00,SCAN,338,0,0,,,0,0,0,0.0,0,Corel PDF Engine Version 15.2.0.661,CorelDRAW X5
6db8382f8c97756c169772ea59ee5fa17f907c878e3e1e48c2fb817ed14e853e,https://www.pcmcindia.gov.in/marathi/pdf/budget_1920/Book1.pdf,Pimpri-Chinchwad Municipal Corporation,municipal,Book1.pdf,47435936,2026-08-10T17:11:08+00:00,SCAN,266,0,0,,,0,0,0,0.0,0,,Nitro Pro 7
58f4a7f6fbccc405b8416172f67e653dd517c2970158bd2f23ba28d20fa74b45,https://www.pcmcindia.gov.in/citizen_charters/8_Ele/3.pdf,Pimpri-Chinchwad Municipal Corporation,municipal,3.pdf,209651,2026-08-10T17:11:08+00:00,SUSPECT,1,7,5,,,1437,760,48,63.16,13,doPDF Ver 7.2 Build 355 (unknown Windows version - Version: ,
7d0787ebc8d09e31f53d8eb66796deb68c964bf801d0cd453bf91ae01c672b8d,https://www.pcmcindia.gov.in/citizen_charters/12_medical/3.pdf,Pimpri-Chinchwad Municipal Corporation,municipal,3.pdf,194698,2026-08-10T17:11:40+00:00,SUSPECT,2,6,3,,,4820,2741,79,28.82,31,doPDF Ver 7.2 Build 355 (unknown Windows version - Version: ,
7e2768028128b5d3d1adbe41499f1507d50f2927230197fc3bc644ebc7cf1b35,https://www.pcmcindia.gov.in/pdf/REVENUE2324.pdf,Pimpri-Chinchwad Municipal Corporation,municipal,REVENUE2324.pdf,49289174,2026-08-10T17:12:05+00:00,SUSPECT,241,212,84,,,32130,13944,883,63.32,286,3-Heights™ PDF Toolbox API 6.12.0.6 (http://www.pdf-tools.co,
457f6b8fa86100bbab68e1ac725c976e3520d6e4799d8ae9c38fd47dbc84e159,https://www.pcmcindia.gov.in/citizen_charters/17_veternary/6.pdf,Pimpri-Chinchwad Municipal Corporation,municipal,6.pdf,507820,2026-08-10T17:12:05+00:00,SUSPECT,1,9,5,,,2856,1263,85,67.3,21,Microsoft® Word 2010,Microsoft® Word 2010
b894bf553d32528b4e9b2c46e3d7f0f820436ef04cc3a330d461522d5bc9c59d,https://www.pcmcindia.gov.in/citizen_charters/15_sports/6.pdf,Pimpri-Chinchwad Municipal Corporation,municipal,6.pdf,690551,2026-08-10T17:12:12+00:00,SUSPECT,4,11,7,,,5695,4302,188,43.7,14,Microsoft® Word 2010,Microsoft® Word 2010
c73234d8f24831303db2677b6d3620b7bf183e1c4241a663f734046561e69a21,https://www.pcmcindia.gov.in/citizen_charters/15_sports/7.pdf,Pimpri-Chinchwad Municipal Corporation,municipal,7.pdf,410414,2026-08-11T08:32:22+00:00,SUSPECT,3,11,6,,,2776,1955,166,84.91,16,Microsoft® Word 2010,Microsoft® Word 2010
ab9e2bddee0b0020231842d3ff5675d279f8740dc6f3f0c3402cc8db72a6a813,https://www.pcmcindia.gov.in/citizen_charters/9_civil/9.pdf,Pimpri-Chinchwad Municipal Corporation,municipal,9.pdf,674540,2026-08-11T08:32:36+00:00,SUSPECT,1,5,4,,,1675,1079,76,70.44,13,Microsoft® Word 2010,Microsoft® Word 2010
f44e7aed91bf05805ae28ad4c73632a12ed480bd1ed6ba89aba7e065c488e935,https://www.pcmcindia.gov.in/citizen_charters/9_civil/6.pdf,Pimpri-Chinchwad Municipal Corporation,municipal,6.pdf,676856,2026-08-11T08:32:37+00:00,SUSPECT,1,5,4,,,1555,1064,78,73.31,11,Microsoft® Word 2010,Microsoft® Word 2010
726572d3e79dcf707634986495d26ad4df7698d8e2b39a1e26365278a68a9689,https://www.pcmcindia.gov.in/citizen_charters/N_bp/2.pdf,Pimpri-Chinchwad Municipal Corporation,municipal,2.pdf,182257,2026-08-11T08:32:44+00:00,SUSPECT,3,8,6,,,2811,1576,78,49.49,32,doPDF Ver 7.2 Build 355 (unknown Windows version - Version: ,
420fea31d339fb183c3004efc1038336fa330909374fbc910201f86b2e46b179,https://www.pcmcindia.gov.in/pdf/e-tendering_lne.pdf,Pimpri-Chinchwad Municipal Corporation,municipal,e-tendering_lne.pdf,226538,2026-08-11T08:33:00+00:00,LEGACY,1,11,8,"DVB-TTSurekh,Bold",,2764,1882,135,71.73,13,Microsoft® Word 2010,Microsoft® Word 2010
c41cf496cdc1796d594457a44aa5fb23486967d548ab2b2145d997e9c5b7aeae,https://www.pcmcindia.gov.in/cms_upload/circular/9 172 2026_renamed_20260810124459.pdf,Pimpri-Chinchwad Municipal Corporation,municipal,9 172 2026_renamed_20260810124459.pdf,211102,2026-08-11T08:33:01+00:00,SCAN,2,0,0,,,0,0,0,0.0,0,Adobe PSL 1.3e for Canon,Canon iR2945  PDF
94ca74194b9f0a472e2a93eafbd164b82734585131c27bf41071c8d5e7c786ea,https://www.pcmcindia.gov.in/citizen_charters/1_p_Tax/3.pdf,Pimpri-Chinchwad Municipal Corporation,municipal,3.pdf,553172,2026-08-11T08:33:05+00:00,LEGACY,2,9,6,"DVB-TTSurekh,BoldItalic",,3136,2251,137,60.86,29,Microsoft® Word 2010,Microsoft® Word 2010
f30f0d0b266eb8513e1cecfa6c35e77a9ee1b4dc1520e9f72c12f2d54515a97d,https://www.pcmcindia.gov.in/cms_upload/circular/3 421 2026.pdf,Pimpri-Chinchwad Municipal Corporation,municipal,3 421 2026.pdf,161400,2026-08-11T08:33:07+00:00,SCAN,2,0,0,,,0,0,0,0.0,0,Adobe PSL 1.3e for Canon,Canon iR2945  PDF
75aba548396fdf85cfb4626140281ba6d8dcfabe183ccdecedabdc4dc6ba29a8,https://www.pcmcindia.gov.in/citizen_charters/6_health/3.pdf,Pimpri-Chinchwad Municipal Corporation,municipal,3.pdf,507007,2026-08-11T08:33:14+00:00,SUSPECT,2,10,5,,,2244,1273,13,10.21,3,Microsoft® Word 2010,Microsoft® Word 2010
2992f62b233fb411cf60c259cd54cf8e40ee84aaa9646504741547537a5abe4b,https://www.pcmcindia.gov.in/citizen_charters/19_nagarvasti/1.pdf,Pimpri-Chinchwad Municipal Corporation,municipal,1.pdf,3088072,2026-08-11T08:33:16+00:00,CLEAN,9,1,1,,,14692,0,0,0.0,0,,
057882d9b01321ceffd6c370c47c86395d956391114804f66b0efa3c89b87985,https://www.pcmcindia.gov.in/citizen_charters/17_veternary/3.pdf,Pimpri-Chinchwad Municipal Corporation,municipal,3.pdf,508272,2026-08-11T08:33:36+00:00,SUSPECT,1,8,5,,,3447,1403,100,71.28,24,Microsoft® Word 2010,Microsoft® Word 2010
ecfd1c2c821e060e50c8b3951d549ea457df49617a42b17e4374f116b2442c29,https://www.pcmcindia.gov.in/citizen_charters/11_skysign/10.pdf,Pimpri-Chinchwad Municipal Corporation,municipal,10.pdf,494642,2026-08-11T08:33:51+00:00,LEGACY,2,8,6,"DVB-TTYogesh,BoldItalic",,2937,1952,19,9.73,0,Microsoft® Word 2010,Microsoft® Word 2010
5f061fc96b890a481b67caac7765980f56e9fd218ad43d0914f2b401443b894c,https://www.pcmcindia.gov.in/citizen_charters/16_slum/2.pdf,Pimpri-Chinchwad Municipal Corporation,municipal,2.pdf,700888,2026-08-11T08:33:55+00:00,SUSPECT,1,14,9,,,1921,1203,48,39.9,10,Microsoft® Word 2010,Microsoft® Word 2010
a0a442d3de60e504e561c5c002a57e83ed89473ecaca2473e0d9637ab90026de,https://www.pcmcindia.gov.in/pdf/PCMC_BS_12-13.pdf,Pimpri-Chinchwad Municipal Corporation,municipal,PCMC_BS_12-13.pdf,103681,2026-08-11T08:33:57+00:00,UNCLASSIFIED,2,4,2,,TT1C4t00,4524,0,0,0.0,0,GPL Ghostscript 8.15,PScript5.dll Version 5.2.2
0438cd31eb4290bfd019b3c424f3bc0c2e4ae6e9ca8e029baffa05f5fad87bca,https://www.pcmcindia.gov.in/citizen_charters/2_water/8.pdf,Pimpri-Chinchwad Municipal Corporation,municipal,8.pdf,1295654,2026-08-11T08:34:00+00:00,CLEAN,2,1,1,,,1660,0,0,0.0,0, ,Canon 
0c55410c0e5c6f0fdbcf17d01f0be106207fe3553afbdafc0d858ffc0b0d4bf9,https://www.pcmcindia.gov.in/cms_upload/submission/9399686361653030307.pdf,Pimpri-Chinchwad Municipal Corporation,municipal,9399686361653030307.pdf,33672057,2026-08-11T08:34:13+00:00,SUSPECT,190,225,110,,TT1Ao00;TT1Co00;TT2Bo00;TT2Co00;TT30o00;TT31o00;TT33o00;TT36o00;TT38o00,26506,15460,884,57.18,195,3-Heights™ PDF Toolbox API 6.12.0.6 (http://www.pdf-tools.co,Microsoft® Word 2010
48b20e8cdbf0e80d3346cd0e186cce5297a5b56ffb295761ce273f8634ffab46,https://www.pcmcindia.gov.in/citizen_charters/15_sports/10.pdf,Pimpri-Chinchwad Municipal Corporation,municipal,10.pdf,611135,2026-08-11T08:34:15+00:00,SUSPECT,5,15,9,,,5508,3913,340,86.89,52,Microsoft® Word 2010,Microsoft® Word 2010
a0b77fba851e1c040e738481fc16b8df93db95f3b6b9a654c1611a76dff6da75,https://www.pcmcindia.gov.in/pdf/budget2122/Book 1.pdf,Pimpri-Chinchwad Municipal Corporation,municipal,Book 1.pdf,51587451,2026-08-11T08:34:43+00:00,SCAN,216,0,0,,,0,0,0,0.0,0,Corel PDF Engine Version 15.2.0.661,CorelDRAW X5
fcb79dbb74ad59a22b68b37cb1ac29ebb427059562183395cd67d53b56a2f6e3,https://www.pcmcindia.gov.in/citizen_charters/5_encharocment/1.pdf,Pimpri-Chinchwad Municipal Corporation,municipal,1.pdf,355580,2026-08-11T08:34:46+00:00,SUSPECT,2,8,6,,,2982,1712,23,13.43,6,Microsoft® Word 2010,Microsoft® Word 2010
b1219eb7c809f8d09a3548be59bfb7bf881ba6e63769aa321bf655b9c407990e,https://www.pcmcindia.gov.in/citizen_charters/18_fire/13.pdf,Pimpri-Chinchwad Municipal Corporation,municipal,13.pdf,716036,2026-08-11T08:34:48+00:00,SUSPECT,2,7,0,,,2163,1264,59,46.68,20,Microsoft: Print To PDF,
96132bcd8a1b1a03c445d64408be12daff87958a9f17bc5bcad0799f468f0961,https://www.pcmcindia.gov.in/citizen_charters/13_schoolboard/6.pdf,Pimpri-Chinchwad Municipal Corporation,municipal,6.pdf,159791,2026-08-11T08:34:50+00:00,SUSPECT,1,8,3,,,1658,963,68,70.61,16,Microsoft® Word 2019,Microsoft® Word 2019
cb0e4308b57f440de598dac170ed18d2e8e4713d76b7105ec816a83dfd3c036c,https://www.pcmcindia.gov.in/citizen_charters/4_tp/3.pdf,Pimpri-Chinchwad Municipal Corporation,municipal,3.pdf,320715,2026-08-11T08:35:09+00:00,SUSPECT,1,2,0,,,1965,1274,57,44.74,23,Microsoft: Print To PDF,
b71af62a58aa01f89fe389087e14f3e2597dcdeef5fdd0401ae4c6ad6264330b,https://www.pcmcindia.gov.in/citizen_charters/18_fire/11.pdf,Pimpri-Chinchwad Municipal Corporation,municipal,11.pdf,718307,2026-08-11T08:35:12+00:00,SUSPECT,2,7,0,,,2434,1427,57,39.94,19,Microsoft: Print To PDF,
f6c1c03515e321112ec54c16e19b3b80bce612a966a6e25a892476c2f06c8809,https://www.pcmcindia.gov.in/citizen_charters/14_secondery/1.pdf,Pimpri-Chinchwad Municipal Corporation,municipal,1.pdf,412634,2026-08-11T08:35:14+00:00,LEGACY,2,5,4,"DV-TTNatraj,BoldItalic;DVB-TTYogesh,BoldItalic",,1906,1033,10,9.68,1,Microsoft® Word 2010,Microsoft® Word 2010
47a7b1e39fed8244cbcaa25815eac588d4bdf76b89c6b2e3a483758204b5e587,https://www.pcmcindia.gov.in/citizen_charters/15_sports/12.pdf,Pimpri-Chinchwad Municipal Corporation,municipal,12.pdf,811516,2026-08-11T08:35:16+00:00,SUSPECT,8,15,9,,,16260,12381,1024,82.71,84,Microsoft® Word 2010,Microsoft® Word 2010
f2b2658b105ad13dbe5e18d9d4b4fe98573936f5b689c2e625c11a688e10cfb2,https://www.pcmcindia.gov.in/citizen_charters/9_civil/13.pdf,Pimpri-Chinchwad Municipal Corporation,municipal,13.pdf,675989,2026-08-11T08:35:18+00:00,SUSPECT,1,5,4,,,1541,1037,74,71.36,10,Microsoft® Word 2010,Microsoft® Word 2010
0a5c07971ff1afed93e071fc7c0fd4e62d7d7f1454dba5bfafc2be36c69d337f,https://www.pcmcindia.gov.in/citizen_charters/18_fire/3.pdf,Pimpri-Chinchwad Municipal Corporation,municipal,3.pdf,867212,2026-08-11T08:35:22+00:00,SUSPECT,3,10,0,,,4266,2565,92,35.87,37,Microsoft: Print To PDF,
b9a0d74caf3da0d475f847ea365b1acb4b1a3aef4e0f26c6fa1edcea65ed8a6e,https://www.pcmcindia.gov.in/marathi/pdf/PCMC BUDGET-2020-2021/Book_2.pdf,Pimpri-Chinchwad Municipal Corporation,municipal,Book_2.pdf,74129528,2026-08-11T08:35:53+00:00,SCAN,470,3,3,,Z@RAF1C.tmp;Z@RAF3D.tmp;Z@RAF5E.tmp,928,0,0,0.0,0,Acrobat Distiller 10.0.0 (Windows),PScript5.dll Version 5.2.2
10107a645600419c7523bb1aa89a9622cccc18b529b0814d467c16cb170c6e48,https://www.pcmcindia.gov.in/citizen_charters/4_tp/4.pdf,Pimpri-Chinchwad Municipal Corporation,municipal,4.pdf,320451,2026-08-11T08:36:04+00:00,SUSPECT,1,2,0,,,1841,1213,52,42.87,20,Microsoft: Print To PDF,
999dd2c8a7931682d1f84f757afacbd0afba475efebab670f6148bfb806453de,https://www.pcmcindia.gov.in/citizen_charters/23l_e.pdf,Pimpri-Chinchwad Municipal Corporation,municipal,23l_e.pdf,740959,2026-08-11T08:36:05+00:00,LEGACY,2,19,16,DVBTTSurekhNormal;DVBTTYogeshBold;DVBTTYogeshNormal,,2648,1619,79,48.8,32,doPDF Ver 7.2 Build 355 (unknown Windows version - Version: ,
c2a002cfa40cf40dbf01fdaea3d770e9dd9982acbbbade8f848a6ac2e280f152,https://www.pcmcindia.gov.in/pdf/budget_1617.pdf,Pimpri-Chinchwad Municipal Corporation,municipal,budget_1617.pdf,146208,2026-08-11T08:36:11+00:00,SUSPECT,1,5,3,,,819,550,14,25.45,11,doPDF Ver 7.2 Build 355 (unknown Windows version - Version: ,
f3e9e0d505ef29b45874f368960cbf909b483adefea69d12379b5227ad008e45,https://www.pcmcindia.gov.in/citizen_charters/7_garden/5.pdf,Pimpri-Chinchwad Municipal Corporation,municipal,5.pdf,591919,2026-08-11T08:36:13+00:00,SUSPECT,1,3,2,,,1820,1159,10,8.63,0,Microsoft® Word 2010,Microsoft® Word 2010
4bf1abbae0a8bd9deb085a1cb36d0d25c4ef676e0ec2576c434af28163b5a5ff,https://www.pcmcindia.gov.in/cms_upload/submission/11864980601494505513.pdf,Pimpri-Chinchwad Municipal Corporation,municipal,11864980601494505513.pdf,648205,2026-08-11T08:36:17+00:00,SUSPECT,20,7,4,,,51340,33861,2051,60.57,794,Microsoft® Excel® 2010,Microsoft® Excel® 2010
92033a82fb67b4928e175dae4de87f7ec0c43fd754ab94964c886ef8844f23cd,https://www.pcmcindia.gov.in/citizen_charters/7_garden/12.pdf,Pimpri-Chinchwad Municipal Corporation,municipal,12.pdf,590317,2026-08-11T08:36:22+00:00,SUSPECT,2,5,2,,,3115,2017,17,8.43,0,Microsoft® Word 2010,Microsoft® Word 2010
a45f7808cc10980b85b63e291d2534a1ebe4f5351a9fb6fdb137e2a678ee85bd,https://www.pcmcindia.gov.in/citizen_charters/18_fire/16.pdf,Pimpri-Chinchwad Municipal Corporation,municipal,16.pdf,787555,2026-08-11T08:36:24+00:00,SUSPECT,2,8,0,,,2356,1404,63,44.87,24,Microsoft: Print To PDF,
bf8f3729bf230895b348acd3768f4428fccf485f7c23b8dd02cb6f8668a30512,https://www.pcmcindia.gov.in/citizen_charters/2_water/2.pdf,Pimpri-Chinchwad Municipal Corporation,municipal,2.pdf,1380409,2026-08-11T08:36:54+00:00,CLEAN,2,1,1,,,1876,0,0,0.0,0, ,Canon 
966b5c5bcb79f3587acd541b0682e607ec737c10609d910067fac65f30c5141d,https://www.pcmcindia.gov.in/citizen_charters/14_secondery/3.pdf,Pimpri-Chinchwad Municipal Corporation,municipal,3.pdf,414014,2026-08-11T08:36:56+00:00,LEGACY,1,4,3,"DVB-TTYogesh,BoldItalic",,1283,724,7,9.67,0,Microsoft® Word 2010,Microsoft® Word 2010
0d136f89c776d5e105210335f44ba65c14f1b829e12513a00d60c70edb4906c6,https://www.pcmcindia.gov.in/citizen_charters/2_water/10.pdf,Pimpri-Chinchwad Municipal Corporation,municipal,10.pdf,1371952,2026-08-11T08:37:04+00:00,CLEAN,2,1,1,,,1930,0,0,0.0,0, ,Canon 
1d04a0072e078090eb06aabb3cad43cf7bf072cd36a5029bb4d6f82c491a0db5,https://www.pcmcindia.gov.in/citizen_charters/22_library.pdf,Pimpri-Chinchwad Municipal Corporation,municipal,22_library.pdf,199774,2026-08-11T08:37:15+00:00,LEGACY,5,6,4,DVBTTSurekhBold;DVBTTSurekhNormal;DVBTTYogeshNormal,,12815,4845,246,50.77,124,Acrobat Distiller 6.0 (Windows),PScript5.dll Version 5.2.2
dcf85c4359fa6cff9f09ea97cd73fef559c3fe6b71ff4ae1f39f27d02f7af2c8,https://www.pcmcindia.gov.in/citizen_charters/2_water/4.pdf,Pimpri-Chinchwad Municipal Corporation,municipal,4.pdf,1328049,2026-08-11T08:37:16+00:00,CLEAN,2,1,1,,,1745,0,0,0.0,0, ,Canon 
17ea7a8ca71da7ae5020bb930d4d9890b7631e5ca3792c0fda1a0f6f9009834c,https://www.pcmcindia.gov.in/cms_upload/circular/0294 2026.pdf,Pimpri-Chinchwad Municipal Corporation,municipal,0294 2026.pdf,177944,2026-08-11T08:37:31+00:00,SCAN,2,0,0,,,0,0,0,0.0,0,Adobe PSL 1.3e for Canon??,Canon iR2945  PDF
290df1c4406acf9bcfff5bc7417a8ebc796b0e94dce68d1808e0af4dd4573370,https://www.pcmcindia.gov.in/citizen_charters/9_civil/2.pdf,Pimpri-Chinchwad Municipal Corporation,municipal,2.pdf,676013,2026-08-11T08:37:33+00:00,SUSPECT,1,5,4,,,1494,981,70,71.36,8,Microsoft® Word 2010,Microsoft® Word 2010
fd30c7eab391e15ffcdfb09b62387d3c77fa4636010a8e8fd0ec17989a385b48,https://www.pcmcindia.gov.in/citizen_charters/15_sports/15.pdf,Pimpri-Chinchwad Municipal Corporation,municipal,15.pdf,227436,2026-08-11T08:37:35+00:00,SUSPECT,5,12,10,,,6205,3970,243,61.21,76,doPDF Ver 7.2 Build 355 (unknown Windows version - Version: ,
90bf22a5bfb3a658479b46f8b9307238406156f1f345be736e09cca557de07fc,https://www.pcmcindia.gov.in/pdf/capital2526.pdf,Pimpri-Chinchwad Municipal Corporation,municipal,capital2526.pdf,19776348,2026-08-11T08:37:43+00:00,LEGACY,660,442,18,DVBWTTYogeshBold,,48243,24076,324,13.46,26,4-Heights™ PDF Library 3.4.0.6904 (http://www.pdf-tools.com),Mozilla/5.0 (Windows NT 10.0; Win64; x64) AppleWebKit/537.36
b5636e243aab53079277ffb1cb22100dbad9bad18d623e2b6825f802d1cccab3,https://www.pcmcindia.gov.in/citizen_charters/15_sports/2.pdf,Pimpri-Chinchwad Municipal Corporation,municipal,2.pdf,547329,2026-08-11T08:37:48+00:00,SUSPECT,1,12,7,,,1901,1197,51,42.61,9,Microsoft® Word 2010,Microsoft® Word 2010
748ae70b0810a802df101242fb0bcb63e9bf5f1ec7e4b24ec674401259c78319,https://www.pcmcindia.gov.in/citizen_charters/11_skysign/6.pdf,Pimpri-Chinchwad Municipal Corporation,municipal,6.pdf,494107,2026-08-11T08:37:55+00:00,LEGACY,2,7,5,"DVB-TTYogesh,BoldItalic",,3031,1973,19,9.63,0,Microsoft® Word 2010,Microsoft® Word 2010
e127ac516b0e47f55e32645f839e6b32204dcfebc32ede4d87bec689997acadf,https://www.pcmcindia.gov.in/citizen_charters/14_secondery/4.pdf,Pimpri-Chinchwad Municipal Corporation,municipal,4.pdf,431986,2026-08-11T08:38:02+00:00,LEGACY,2,5,4,"DV-TTNatraj,BoldItalic;DVB-TTYogesh,BoldItalic",,1766,965,12,12.44,1,Microsoft® Word 2010,Microsoft® Word 2010
dadd2ea1e1837e53f4e2b478e07d356d68f599e6f562f952843d91a82491ea1c,https://www.pcmcindia.gov.in/citizen_charters/15_sports/14.pdf,Pimpri-Chinchwad Municipal Corporation,municipal,14.pdf,325910,2026-08-11T08:38:12+00:00,SUSPECT,2,16,12,,,3319,2095,94,44.87,6,Microsoft® Word 2019,Microsoft® Word 2019
c4b5c7174ab47f8366ed98c6748b5b466740b66940a50e29d465a9f65fe2be08,https://www.pcmcindia.gov.in/cms_upload/circular/9 127 2026.pdf,Pimpri-Chinchwad Municipal Corporation,municipal,9 127 2026.pdf,188456,2026-08-11T08:38:14+00:00,SCAN,2,0,0,,,0,0,0,0.0,0,Adobe PSL 1.3e for Canon,Canon iR2945  PDF
6acec4611823704c1faffaf5141cc1ffa3b3d0624e35702115e15b252e91bfeb,https://www.pcmcindia.gov.in/citizen_charters/11_skysign/1.pdf,Pimpri-Chinchwad Municipal Corporation,municipal,1.pdf,489898,2026-08-11T08:38:16+00:00,LEGACY,2,8,6,"DVB-TTYogesh,BoldItalic",,3944,2669,22,8.24,0,Microsoft® Word 2010,Microsoft® Word 2010
0b6434f29fde1129ba1a63ddf07dded1266457da0a0cca3e6c821712d77d0fc3,https://webadmin.pmc.gov.in/sites/default/files/election-affidavit/39-NILESH%20DAMODAR%20SHINDE_0001_compressed.pdf,Pune Municipal Corporation,budget/circular,39-NILESH%20DAMODAR%20SHINDE_0001_compressed.pdf,4620093,2026-08-11T08:32:11+00:00,SCAN,24,0,0,,,0,0,0,0.0,0,iLovePDF,HP Scan
62e810b7a845ea8c34d8d44ec1d6aa585d354fa1e7d4b1d68ffcb783178118ff,https://webadmin.pmc.gov.in/sites/default/files/election-affidavit/02_26%20C_shobha%20bhalchandra%20sable.pdf,Pune Municipal Corporation,budget/circular,02_26%20C_shobha%20bhalchandra%20sable.pdf,5464902,2026-08-11T08:32:32+00:00,SCAN,12,0,0,,,0,0,0,0.0,0,Adobe Scan for iOS 25.11.20,Adobe Scan for iOS 25.11.20
342377f039a2a555a0433dbebce9282a1d1d115599c32e8118043f30ad0b987e,https://webadmin.pmc.gov.in/sites/default/files/circular/New%20Doc%2001-03-2025%2011.47.pdf,Pune Municipal Corporation,budget/circular,New%20Doc%2001-03-2025%2011.47.pdf,1093146,2026-08-11T08:32:35+00:00,SCAN,2,0,0,,,0,0,0,0.0,0,intsig.com pdf producer,
d4e4cd52d6e4dad5a4b83aa487d147a1a733071085e40263c9fa392e54a32dd6,https://webadmin.pmc.gov.in/sites/default/files/2026-02/CANCEL%20CHEQUE_10.pdf,Pune Municipal Corporation,budget/circular,CANCEL%20CHEQUE_10.pdf,104407,2026-08-11T08:32:36+00:00,SCAN,1,0,0,,,0,0,0,0.0,0,GPL Ghostscript 10.06.0,PDF24 Creator
5890d4279b191c39b7f3bc2b4d3d7472cb8100656bdc6a0c160109d14fb8beae,https://webadmin.pmc.gov.in/sites/default/files/2025-10/exemption_9.pdf,Pune Municipal Corporation,budget/circular,exemption_9.pdf,375819,2026-08-11T08:32:39+00:00,CLEAN,1,1,0,,,270,0,0,0.0,0,Microsoft: Print To PDF,
8ab07f3234007d6858fdbf6df7fcb87f43514000a1e8108acba839130b13b690,https://webadmin.pmc.gov.in/sites/default/files/circular/4393.pdf,Pune Municipal Corporation,budget/circular,4393.pdf,743029,2026-08-11T08:32:41+00:00,SCAN,2,0,0,,,0,0,0,0.0,0,secPdfProducer,Scan Process Machine
ec2443fc186960a9f9023ae26aed3afe941d75fa3e3c2f062db225f7fc9abb68,https://webadmin.pmc.gov.in/sites/default/files/circular/Circular_Professional%20Tax.pdf,Pune Municipal Corporation,budget/circular,Circular_Professional%20Tax.pdf,1760304,2026-08-11T08:32:50+00:00,SCAN,4,0,0,,,0,0,0,0.0,0,,
42798529de73c629e9b721f11076c5ebe722391f65652b634fdadf7693088a05,https://webadmin.pmc.gov.in/sites/default/files/committee_decisions/Meeting%20No%2048%20to%2053%20dt.20.12.24%20adjourned.pdf,Pune Municipal Corporation,budget/circular,Meeting%20No%2048%20to%2053%20dt.20.12.24%20adjourned.pdf,207036,2026-08-11T08:33:05+00:00,CLEAN,6,1,1,,,8361,0,0,0.0,0, ,Canon 
de833ad0ef8ed1a6d9cd29bbf5e3d15dbbd54f0cc3bbb778cd21fd032d331048,https://webadmin.pmc.gov.in/sites/default/files/2025-12/PANCARD_0.pdf,Pune Municipal Corporation,budget/circular,PANCARD_0.pdf,118451,2026-08-11T08:33:13+00:00,SCAN,1,0,0,,,0,0,0,0.0,0,GPL Ghostscript 9.55.0,PDF24 Creator
1ee4fb87731b6a30a1b68be19519b9c30ca633e41df3d0cdb5e2c2c37bcf9db4,https://webadmin.pmc.gov.in/sites/default/files/committee_decisions/Microsoft%20Word%20-%2023%20Jan%2018.pdf,Pune Municipal Corporation,budget/circular,Microsoft%20Word%20-%2023%20Jan%2018.pdf,119946,2026-08-11T08:33:15+00:00,UNCLASSIFIED,8,11,5,,TT2C1t00;TT2CBt00,25054,0,0,0.0,0,GPL Ghostscript 8.15,PScript5.dll Version 5.2.2
bf1be72f08f48c4bd353cdd008d209c3d6281490ab5e2ab2ddecaeb4616d552a,https://webadmin.pmc.gov.in/sites/default/files/2025-11/SHILPA%20SHOPACT.pdf,Pune Municipal Corporation,budget/circular,SHILPA%20SHOPACT.pdf,71787,2026-08-11T08:33:17+00:00,LEGACY,1,3,0,SakalMarathi,,2220,1245,0,0.0,0,Powered By Crystal; modified using iText 2.1.7 by 1T3XT,Crystal Reports
125df55773440dd77c4ddbea5bf5b3a6fff16262428a48759fc475a65c28278a,https://webadmin.pmc.gov.in/sites/default/files/committee_decisions/Mukhya%20Sabha%20May%202023.pdf,Pune Municipal Corporation,budget/circular,Mukhya%20Sabha%20May%202023.pdf,142296,2026-08-11T08:33:19+00:00,SUSPECT,8,10,6,,TT270t00;TT274t00;TT2Bo00,23188,1530,68,44.44,26,GPL Ghostscript 8.15,PScript5.dll Version 5.2.2
352528ec606f29dde08925c51141204f64fdb93f4ab8b1befa3d1edbf884c962,https://webadmin.pmc.gov.in/sites/default/files/election-affidavit/3K%20001%20kalamkar%20usha%20dnyaneshwar%20.pdf,Pune Municipal Corporation,budget/circular,3K%20001%20kalamkar%20usha%20dnyaneshwar%20.pdf,9627184,2026-08-11T08:33:31+00:00,SCAN,16,0,0,,,0,0,0,0.0,0,Apeos 2560,Apeos 2560
b59eeb954bd609bc0e23bef60e7582ef46b9f726ce9f9b00c19e57bb55703826,https://webadmin.pmc.gov.in/sites/default/files/eoi/Vasun%20Foundation%20hall.pdf,Pune Municipal Corporation,budget/circular,Vasun%20Foundation%20hall.pdf,1887276,2026-08-11T08:33:32+00:00,SCAN,1,0,0,,,0,0,0,0.0,0,intsig.com pdf producer,
f0f7903a29ae3aa32fa8748d92907d1eabb773a4825bc29ef2db0886d6d888db,https://webadmin.pmc.gov.in/sites/default/files/circular/768_0.pdf,Pune Municipal Corporation,budget/circular,768_0.pdf,1818720,2026-08-11T08:33:47+00:00,CLEAN,5,1,1,,,8089,0,0,0.0,0, ,Canon 
47f15cba0bb9b65b2d52abd2f3dc3a5b8324c196ae6c429a0fa319f0d3c86378,https://webadmin.pmc.gov.in/sites/default/files/2025-11/Shivajinagar%20Ward%20Office%20%E2%80%93%20Tayaji%20Vitthal%20Bamble%20%E2%80%93%2026_12_2024.pdf,Pune Municipal Corporation,budget/circular,Shivajinagar%20Ward%20Office%20%E2%80%93%20Tayaji%20Vitthal%20Bamble%20%E2%80%93%2026_12_2024.pdf,248847,2026-08-11T08:33:47+00:00,SCAN,4,0,0,,,0,0,0,0.0,0,Epson Scan 2,
9b050b16fcf34e5ef6c32cd820c4f01e1b6a5cf68f5e1105a3dadd194b438faa,https://webadmin.pmc.gov.in/sites/default/files/2025-10/Cancel%20Cheque_0.pdf,Pune Municipal Corporation,budget/circular,Cancel%20Cheque_0.pdf,77202,2026-08-11T08:34:00+00:00,SCAN,1,0,0,,,0,0,0,0.0,0,GPL Ghostscript 9.56.1,PDF24 Creator
7e6cb5b5f5956eac656fea76c142f201a25b72fc0bc8ba9405997f856146af34,https://webadmin.pmc.gov.in/sites/default/files/2026-04/ESIC%20CHENNAI%20CODE_0.pdf,Pune Municipal Corporation,budget/circular,ESIC%20CHENNAI%20CODE_0.pdf,74848,2026-08-11T08:34:15+00:00,CLEAN,1,4,0,,,2699,0,0,0.0,0,Powered By Crystal,Crystal Reports
2495fb5ce8cc416fc123105b77fc9d505ac06a3542d9c3e802d4714a147933ac,https://webadmin.pmc.gov.in/sites/default/files/2026-06/Shivam-Fasage-ragistration.pdf,Pune Municipal Corporation,budget/circular,Shivam-Fasage-ragistration.pdf,332230,2026-08-11T08:34:43+00:00,SCAN,1,0,0,,,0,0,0,0.0,0,GPL Ghostscript 9.55.0,PDF24 Creator
0076ca5a4263886b36928dfdf980ce496071857206ff0d8c2a84c940d305607b,https://webadmin.pmc.gov.in/sites/default/files/2025-03/Prabhag-28-Budget_1.pdf,Pune Municipal Corporation,budget/circular,Prabhag-28-Budget_1.pdf,180224,2026-08-11T08:34:45+00:00,SUSPECT,2,5,1,,,3211,2091,111,53.08,71,GPL Ghostscript 8.70,PDFCreator Version 0.9.9
4e7d5befd87d88f2c80478870aeaa141e223b8d78a4c08398809080db870098b,https://webadmin.pmc.gov.in/sites/default/files/2025-02/Water_Budget_2020_21_0.pdf,Pune Municipal Corporation,budget/circular,Water_Budget_2020_21_0.pdf,3292332,2026-08-11T08:35:01+00:00,SCAN,12,0,0,,,0,0,0,0.0,0,iLovePDF,
30b779122b8c0a83e3c3b2a106c85e8182ab70901bbe3240d4a5833315290550,https://webadmin.pmc.gov.in/sites/default/files/circular/%E0%A4%95%E0%A4%B2%E0%A4%AE%20%E0%A5%AC%E0%A5%A6%20%E0%A4%B5%E0%A4%BF%E0%A4%A6%E0%A5%8D%E0%A4%AF%E0%A5%81%E0%A4%A4%20%E0%A4%B5%E0%A4%BF%E0%A4%AD%E0%A4%BE%E0%A4%97%20.pdf,Pune Municipal Corporation,budget/circular,%E0%A4%95%E0%A4%B2%E0%A4%AE%20%E0%A5%AC%E0%A5%A6%20%E0%A4%B5%E0%A4%BF%E0%A4%A6%E0%A5%8D%E0%A4%AF%E0%A5%81%E0%A4%A4%20%E0%A4%B5%E0%A4%BF%E0%A4%AD%E0%A4%BE%E0%A4%97%20.pdf,6691755,2026-08-11T08:35:03+00:00,CLEAN,10,10,10,,,13767,0,0,0.0,0,Adobe PSL 1.3e for Canon??,Canon SC1011
b4f23447675725116bdb331dd3273426d37ed98be054681bbdf96cdaf360514c,https://webadmin.pmc.gov.in/sites/default/files/2025-07/Vendor_Registration_Form%20%2843%29_0.pdf,Pune Municipal Corporation,budget/circular,Vendor_Registration_Form%20%2843%29_0.pdf,4135710,2026-08-11T08:35:04+00:00,CLEAN,1,14,14,,,867,0,0,0.0,0,jsPDF 3.0.1,
78723748df9e0e1a3e64b2a40b908ecdf9a3d4189b22fb0b99cc35467fc62c58,https://webadmin.pmc.gov.in/sites/default/files/election-affidavit/22%20A%20027%20PALLAVI%20ADAGLE.pdf,Pune Municipal Corporation,budget/circular,22%20A%20027%20PALLAVI%20ADAGLE.pdf,6893184,2026-08-11T08:35:11+00:00,SCAN,12,0,0,,,0,0,0,0.0,0,intsig.com pdf producer,
f9dcfb3e4ab7e41e5806727e3c0e4ec772f83e4a09892ead0b72e0cd71212b9c,https://webadmin.pmc.gov.in/sites/default/files/2025-08/pan_0.pdf,Pune Municipal Corporation,budget/circular,pan_0.pdf,197416,2026-08-11T08:35:12+00:00,SCAN,1,0,0,,,0,0,0,0.0,0,GPL Ghostscript 10.05.1,PDF24 Creator
004d4bc7c6f822a223be698035126b4dd93bfabbf0390c8828b7f0f2e013ce8c,https://webadmin.pmc.gov.in/sites/default/files/circular/01.08.2024%20CLERK%20ORDER%20AMOL%20BHAT.PDF,Pune Municipal Corporation,budget/circular,01.08.2024%20CLERK%20ORDER%20AMOL%20BHAT.PDF,436011,2026-08-11T08:35:15+00:00,CLEAN,1,1,1,,,2211,0,0,0.0,0,,
378e39956a816f28d50974a7d82ebdeecc1a744199e2f314a44db1ed27d0dca3,https://webadmin.pmc.gov.in/sites/default/files/2026-05/60A_compressed.pdf,Pune Municipal Corporation,budget/circular,60A_compressed.pdf,5879283,2026-08-11T08:35:25+00:00,SCAN,12,0,0,,,0,0,0,0.0,0,iLovePDF,
84a38253295df2b0a2e001459e362b50c62fde89e0254b2a00dd04968545cab0,https://webadmin.pmc.gov.in/sites/default/files/2025-12/Shivajinagar%20Ward%20Office%20%E2%80%93%20Anil%20Sambhaji%20Jagtap%20%E2%80%93%2008_2020.PDF,Pune Municipal Corporation,budget/circular,Shivajinagar%20Ward%20Office%20%E2%80%93%20Anil%20Sambhaji%20Jagtap%20%E2%80%93%2008_2020.PDF,1460392,2026-08-11T08:35:53+00:00,CLEAN,2,1,1,,,3261,0,0,0.0,0, ,Canon 
2e16f960b2cc1e15ffb65a9fc7f3b069584297a515288f5abce4b99e2743ac45,https://webadmin.pmc.gov.in/sites/default/files/2026-02/CERTIFICATE%20OF%20INCORPORATION_1.pdf,Pune Municipal Corporation,budget/circular,CERTIFICATE%20OF%20INCORPORATION_1.pdf,357832,2026-08-11T08:36:10+00:00,SCAN,1,0,0,,,0,0,0,0.0,0,Microsoft: Print To PDF,
ec28f57b37a8d7d442a86d2b91fb9fa13d0ed43ff27224ccb7ce19f304bb6906,https://webadmin.pmc.gov.in/sites/default/files/committee_decisions/Meeting%20No.%2063%2C%20%28Sept.2022%29%20dt.%2023.9.2022.pdf,Pune Municipal Corporation,budget/circular,Meeting%20No.%2063%2C%20%28Sept.2022%29%20dt.%2023.9.2022.pdf,401261,2026-08-11T08:36:15+00:00,LEGACY,27,9,0,Shree-Dev-0708;Shree-Dev-0714,,69980,1873,77,41.11,28,GPL Ghostscript 10.01.1,PDF24 Creator
7f0dd749d4c0974dace5914253dc3e4d0ea50d59536e40c60bea9cb4ab2a533c,https://webadmin.pmc.gov.in/sites/default/files/2025-07/Saiprasad%20Hospital%20Cheque_1.pdf,Pune Municipal Corporation,budget/circular,Saiprasad%20Hospital%20Cheque_1.pdf,429362,2026-08-11T08:36:17+00:00,CLEAN,1,1,1,,,1196,0,0,0.0,0,Adobe Scan for Android 25.07.16-google-dynamic,Adobe Scan for Android 25.07.16-google-dynamic
0f987f37410c912cdadb25fb66e86d0f3be45dfcebfc5e728647250600ab36c8,https://webadmin.pmc.gov.in/sites/default/files/circular/rate%20jan.%2022.PDF,Pune Municipal Corporation,budget/circular,rate%20jan.%2022.PDF,1092841,2026-08-11T08:36:19+00:00,CLEAN,3,1,1,,,3080,0,0,0.0,0, ,Canon 
249505f8996395239b71486fbc834d1c833f96a48a08b5cb682607e2ea5f7156,https://webadmin.pmc.gov.in/sites/default/files/election-affidavit/12%20B%20002%20-%20YADAV%20RAVIRAJ%20VIDYADHAR.pdf,Pune Municipal Corporation,budget/circular,12%20B%20002%20-%20YADAV%20RAVIRAJ%20VIDYADHAR.pdf,3066921,2026-08-11T08:36:23+00:00,SCAN,18,0,0,,,0,0,0,0.0,0,Pdftools SDK,
26b6efa7f257e79c4e86b1212d37d6a6ba5b15a71db737ee22175d68ecdc218d,https://webadmin.pmc.gov.in/sites/default/files/2025-08/NA.pdf,Pune Municipal Corporation,budget/circular,NA.pdf,9827,2026-08-11T08:36:24+00:00,SCAN,1,1,1,,,22,0,0,0.0,0,GPL Ghostscript 9.27,PDF24 Creator
d49d3ae885bce5a23219778dd5039a3d5f79e35374dbf456af8a2c67e8e05fbf,https://webadmin.pmc.gov.in/sites/default/files/circular/7503.pdf,Pune Municipal Corporation,budget/circular,7503.pdf,1769830,2026-08-11T08:36:48+00:00,CLEAN,3,1,1,,,3233,0,0,0.0,0, ,Canon 
e5666d063c36923a4cb6fa2fb6c31f45b8792a81e0716ea62d9a91c100fa4ba2,https://webadmin.pmc.gov.in/sites/default/files/circular/4046-10_17_2016_circular%20.pdf,Pune Municipal Corporation,budget/circular,4046-10_17_2016_circular%20.pdf,381767,2026-08-11T08:36:49+00:00,SCAN,1,0,0,,,0,0,0,0.0,0,secPdfProducer,Scan Process Machine
6f39bbbbb6a80adf8107f2f959daa105b6447e3e815490181055bff6a2384ee1,https://webadmin.pmc.gov.in/sites/default/files/circular/jahirat_1.pdf,Pune Municipal Corporation,budget/circular,jahirat_1.pdf,49119,2026-08-11T08:36:51+00:00,LEGACY,2,5,4,SHREE-DEV-0708;SHREE-DEV-0708E;SHREE-DEV-0714,,4692,0,0,0.0,0,Microsoft® Word 2010,Microsoft® Word 2010
8dc6054fb3a0a610e56f1d84204f303e3df92b3a5890febfcfd9cfdd5d418ea2,https://webadmin.pmc.gov.in/sites/default/files/circular/9322.pdf,Pune Municipal Corporation,budget/circular,9322.pdf,2469364,2026-08-11T08:37:09+00:00,CLEAN,1,1,1,,,2122,0,0,0.0,0,,
9d56672bb2621e174fd2de62b557ecf000c412503fecf1217c7220559804ccec,https://webadmin.pmc.gov.in/sites/default/files/committee_decisions/23.11.2022%20agenda%20.pdf,Pune Municipal Corporation,budget/circular,23.11.2022%20agenda%20.pdf,453085,2026-08-11T08:37:09+00:00,CLEAN,6,5,0,,,17254,0,0,0.0,0,Microsoft: Print To PDF,
e9cac91a98d9ba1bd15dca025f8069491d81618e67b15c9897a28b9944775334,https://webadmin.pmc.gov.in/sites/default/files/2025-10/SE%20PMC%20Registration%2017-20.PDF,Pune Municipal Corporation,budget/circular,SE%20PMC%20Registration%2017-20.PDF,185734,2026-08-11T08:37:23+00:00,CLEAN,2,1,1,,,3890,0,0,0.0,0, ,Canon 
0d1c809a7e13a5b93299fe0a9f7765e05f3304aa5265a14d2633758c6553a5e9,https://webadmin.pmc.gov.in/sites/default/files/2025-12/CHEQUE_2.pdf,Pune Municipal Corporation,budget/circular,CHEQUE_2.pdf,205425,2026-08-11T08:37:33+00:00,SCAN,1,0,0,,,0,0,0,0.0,0,Microsoft: Print To PDF,
f5ffe7575c8a30ba07e3c433a0cc1ded949b3b537058c55dffec2534f41da847,https://webadmin.pmc.gov.in/sites/default/files/election-affidavit/22%20B%2015%20MANISHA%20SANTIP%20LADKAT.pdf,Pune Municipal Corporation,budget/circular,22%20B%2015%20MANISHA%20SANTIP%20LADKAT.pdf,8510875,2026-08-11T08:37:48+00:00,SCAN,15,0,0,,,0,0,0,0.0,0,intsig.com pdf producer,
f27f71ff6b6e2946ec3c090ff8472d001e7464811d0f07debc4cbfa9871aa427,https://webadmin.pmc.gov.in/sites/default/files/circular/6695.pdf,Pune Municipal Corporation,budget/circular,6695.pdf,794167,2026-08-11T08:37:48+00:00,SCAN,2,0,0,,,0,0,0,0.0,0,secPdfProducer,Scan Process Machine
60d618f236a5faf5163f6fcaff673e17e43848b432aa3314e7c66e4585d5a6cd,https://webadmin.pmc.gov.in/sites/default/files/election-affidavit/Nomination%20182%20AFFIDAVIT.pdf,Pune Municipal Corporation,budget/circular,Nomination%20182%20AFFIDAVIT.pdf,10225664,2026-08-11T08:37:53+00:00,SCAN,23,0,0,,,0,0,0,0.0,0,pdf-lib (https://github.com/Hopding/pdf-lib),pdf-lib (https://github.com/Hopding/pdf-lib)
50bb18f4baad529e5db3f232bbd169647f14eaebf6885edb49e1bc118f1b7021,https://webadmin.pmc.gov.in/sites/default/files/circular/RTi%202005-2_13_2017_circular%20.pdf,Pune Municipal Corporation,budget/circular,RTi%202005-2_13_2017_circular%20.pdf,6136651,2026-08-11T08:37:57+00:00,SCAN,5,0,0,,,0,0,0,0.0,0,GPL Ghostscript 9.14,PDF24 Creator
e32dd5a685b224f1b83bf5164312d52d4de7b307ad6c39d013f1a411ebac39c3,https://webadmin.pmc.gov.in/sites/default/files/circular/pention%20circular%20naovember.pdf,Pune Municipal Corporation,budget/circular,pention%20circular%20naovember.pdf,2400385,2026-08-11T08:38:00+00:00,CLEAN,4,4,4,,,2483,0,0,0.0,0,Adobe PSL 1.3e for Canon??,Canon SC1011
b6e094c88cd3559144b05ab5d70de4abbc5e24dce843c54401ae0a2ab12bbbc6,https://webadmin.pmc.gov.in/sites/default/files/circular/7686_18102023.pdf,Pune Municipal Corporation,budget/circular,7686_18102023.pdf,2690901,2026-08-11T08:38:14+00:00,CLEAN,7,1,1,,,14622,0,0,0.0,0, ,Canon 
034e9a9e43035f1d97a6a5b839ba2f21bbbe120159e8f911f71417cf5e2a0dc7,https://webadmin.pmc.gov.in/sites/default/files/2025-10/PMC-REGISTRATION_4.pdf,Pune Municipal Corporation,budget/circular,PMC-REGISTRATION_4.pdf,349699,2026-08-11T08:38:15+00:00,SCAN,1,0,0,,,0,0,0,0.0,0,GPL Ghostscript 9.55.0,PDF24 Creator
89b3459d04c0b799badddad43cabf13a80c6575ee839d4e7607596d44e61d00e,https://webadmin.pmc.gov.in/sites/default/files/circular/3991%2024062025.pdf,Pune Municipal Corporation,budget/circular,3991%2024062025.pdf,1373314,2026-08-11T08:38:17+00:00,CLEAN,2,1,1,,,2568,0,0,0.0,0, ,Canon 
